purchase_id,customer_id,purchase_date,purchase_value,channel,region,payment_method,campaign_group
2551,CUST0351,30 Dec 2024,64.82,Online,East,Credit Card,
3026,CUST0406,24 Jun 2026,101.77,Online,NORTH,Debit Card,
2731,CUST0368,2025-12-04,101.9,Online,East,PayPal,
1262,CUST0175,2023-07-28,94.04,In-Store,North,Credit Card,
2132,CUST0291,13 Feb 2024,138.73, In-Store,North,Credit Card,
1796,CUST0237,30-11-2023,129.32,In-Store,North,Debit Card,
2982,CUST0398,08/17/2023,182.54,In-Store,East,Debit Card,
1531,CUST0206,24-05-2024,240.51,Online,,Credit Card,
779,CUST0113,2022-09-16,102.17,In-Store,South,Credit Card,
2471,CUST0339,22-07-2020,,Instore,South,Credit Card,
965,CUST0136,30-04-2025,47.87,In-Store,NORTH,Cash,
1706,CUST0226,03 Mar 2026,, In-Store, North,Debit Card,B
3599,CUST0479,11/26/2025,155.32,Online,East,PayPal,
2252,CUST0311,09 Mar 2025,116.8,In-Store,West,Credit Card,
3531,CUST0472,04 Jul 2023,68.68,In-Store,east,Cash,
1478,CUST0198,10/04/2025,160.67,In-Store,West,Credit Card,
1089,CUST0153,2025-04-29,, In-Store,West,Debit Card,
1538,CUST0207,21-06-2024,N/A,Online,South,Credit Card,
3506,CUST0466,30 Dec 2023,98.93,Online,NORTH,PayPal,
390,CUST0062,11 Jan 2025,46.44,ONLINE,South,Credit Card,
1886,CUST0253,2020/12/20,56.2,In-Store,South,PayPal,
3594,CUST0479,11/05/2023,79.91,In-Store,East,PayPal,
2750,CUST0370,2025-09-05,172.73,Online,West,PayPal,
1413,CUST0189,2024/06/29,162.5, Online,West,Credit Card,
2629,CUST0360,31 May 2023,131.07,Online,South,PayPal,
99,CUST0014,12 Jun 2026,136.61,In-Store,North,Credit Card,
2989,CUST0401,06/07/2026,116.1,In-Store,West,Debit Card,
1032,CUST0148,01-03-2025,118.13,IN-STORE,West,Credit Card,
435,CUST0069,N/A,221.51,In-Store,East,Credit Card,B
2221,CUST0306,22 Sep 2024,67.75, Online,WEST ,Credit Card,
271,CUST0043,03 May 2026,133.4,Online,south,Cash,
561,CUST0088,12-05-2023,118.45,In-Store,West,PayPal,
977,CUST0139,2025/06/14,102.21,In-Store,West,Credit Card,
331,CUST0052,06-10-2023,97.66,in-store,North,Credit Card,
1056,CUST0150,2024-06-07,115.16,In-Store,East,Debit Card,
1592,cust0214,2023-04-27,70.0,Online,North,PayPal,
2193,CUST0301,21-02-2024,169.07,In-Store,South,Credit Card,
343,CUST0055,30 Jul 2021,$106.65,ONLINE,South,Credit Card,
1025,CUST0147,2025-04-20,120.36,Online,East,PayPal,
2737,CUST0369,2022/09/24,28.25,In-Store,SOUTH,Credit Card,
1110,CUST0157,10/26/2024,213.19,In-Store,South,Credit Card,
2625,CUST0359,2024-10-04,152.14,Online,West,PayPal,
1221,CUST0171,2022-01-10,96.34,In-Store, North,,
2475,CUST0340,01-04-2021,64.07,Online, East,PayPal,
3242,CUST0435,28-12-2022,159.67,Online,East,PayPal,
1931,CUST0264,07/23/2026,100.66,Online ,South,PayPal,
811,CUST0117,2022-10-15,84.72,In-Store,South,Credit Card,
2763,CUST0374,2021-10-14,142.32,In-Store,North,Credit Card,
3246,CUST0436,03/11/2026,196.99,In-Store,North,Cash,B
736,CUST0110,2024-03-07,113.56,Online,NORTH,PayPal,
1781,CUST0236,12/08/2024,91.8,IN-STORE,North,Debit Card,
1688,CUST0225,2025/09/17,,Online,North,PayPal,
241,CUST0037,2023-05-13,164.79,online,east,Debit Card,
1854,CUST0246,2021/01/18,91.9,Online,North,PayPal,
2031,CUST0277,2025-05-06,197.45, Online,South,Credit Card,
1735,CUST0228,01-01-2022,159.19,online,west,PayPal,
2423,CUST0334,2024-11-19,154.34,Online,South,Debit Card,
695,CUST0106,10-09-2024,133.98,In-Store,South,Debit Card,
1987,CUST0274,06 Jun 2021,88.32,IN-STORE,East,PayPal,
66,CUST0008,05/30/2021,121.63,Online,East,Debit Card,
2126,CUST0290,28-09-2022,138.98,Online,East,Credit Card,
638,CUST0097,2024/01/28,120.54,In-Store,North,Credit Card,
1480,CUST0199,04/20/2025,139.72,In-Store,East,Debit Card,
3568,CUST0477,2026/05/11,132.1,Online,West,Debit Card,
201,CUST0030,17-04-2023,163.21, Online,SOUTH,Debit Card,
2549,CUST0351,20 Feb 2026,136.29,In-Store,East,PayPal,A
931,CUST0133,2022-06-06,121.96,Online,North,Cash,
200,CUST0030,06/04/2023,118.84,ONLINE,South,Debit Card,
1481,CUST0199,2024/12/17,127.21,Online, East,Debit Card,
2667,CUST0364,05-04-2022,108.85,In-Store,South,Credit Card,
238,CUST0037,02/23/2026,124.43,In-Store,East,PayPal,B
2717,CUST0368,unknown,123.95,In-Store,East,Debit Card,
236,CUST0037,05 Jun 2026,131.13,Online,East,Debit Card,
366,CUST0057,09-09-2024,136.51,in-store,South,Credit Card,
2803,CUST0378,09-10-2025,98.41,Online, East,Debit Card,
778,CUST0113,2024-02-01,86.56,In-Store,South,Credit Card,
1740,CUST0229,2026-04-09,unknown,ONLINE,South,Cash,A
3090,CUST0414,27-04-2024,110.67,Instore,East,Debit Card,
2666,CUST0363,11/14/2025,161.57,in-store,East,Debit Card,
2368,CUST0326,09/26/2025,164.54,In-Store,west,Debit Card,
396,CUST0063,09 Mar 2025,144.93,Instore,SOUTH,PayPal,
2660,CUST0362,2025/07/21,158.34,Online,South,Credit Card,
2760,CUST0373,2026-05-01,109.49,,North,Cash,
370,CUST0057,2025-12-30,156.92,Instore,south,Credit Card,
3377,CUST0451,2026/04/09,139.58,In-Store,North,Credit Card,B
2463,CUST0338,2021-06-24,98.1,Online,North,Debit Card,
82,CUST0010,2025/11/29,115.06,In-Store,South,Credit Card,
163,CUST0026,23 Dec 2025,135.86,In-Store,North,PayPal,
15,CUST0003,02-04-2026,144.04,Instore,West,Debit Card,B
3591,CUST0479,2022/04/17,152.56,Online,East,Credit Card,
2426,CUST0334,2024/02/29,39.87,in-store,South,Debit Card,
2299,CUST0317,31 May 2026,89.13,In-Store,south,PayPal,
347,CUST0055,07/16/2022,108.08,Online,South,Cash,
1559,CUST0209,02-06-2024,134.45,Online,east,PayPal,
2345,CUST0323,11 Oct 2021,79.97,Online,North,Debit Card,
1043,CUST0149,2025-11-03,195.74,Online,South,Credit Card,
2623,CUST0359,07/29/2026,17.01,In-Store,West,Debit Card,
1616,CUST0218,2024/06/15,-146.08,Online ,North,PayPal,
75,CUST0010,28-04-2022,93.89,In-Store,South,Credit Card,
2631,CUST0360,2024-12-24,104.83,in-store,South,PayPal,
2765,CUST0374,02/04/2023,83.16,Online, North,Debit Card,
79,CUST0010,19-08-2022,108.1,In-Store,south,PayPal,
3028,CUST0406,2021/05/30,93.03,Online,North,PayPal,
2637,CUST0361,27-01-2025,142.28,online,WEST ,Credit Card,
175,CUST0027,2024/10/09,108.45,In-Store, East,PayPal,
29,CUST0005,05-07-2025,185.11,Online,West,Debit Card,
2980,CUST0398,2023/10/16,106.86,In-Store,East,Debit Card,
2280,CUST0314,21-03-2026,152.21,Online,East,Credit Card,
1751,CUST0231,2025/09/14,85.11,In-Store,East,Credit Card,
1977,CUST0271,2025/08/10,114.01,In-Store,North,Credit Card,
1451,CUST0195,2025/10/30,199.31,Online,WEST ,Debit Card,
1189,CUST0167,01 Aug 2026,132.87,In-Store,North,Cash,
1720,CUST0227,07/28/2024,130.13,In-Store,North,Credit Card,
3582,CUST0478,09/21/2023,142.63,In-Store,East,Debit Card,
2936,CUST0392,2023-04-25,74.15,IN-STORE,south,Credit Card,
571,CUST0092,2024-11-21,135.02,Online,West,Debit Card,
1754,CUST0232,2026-07-12,163.52, In-Store,West,Credit Card,
2811,CUST0380,01/11/2026,118.39,in-store,South,Cash,
839,CUST0122,2026-03-30,178.89, In-Store,north,PayPal,A
421,CUST0066,01-04-2025,$137.58,Online,South,PayPal,
1173,CUST0165,01-04-2025,137.73,in-store,south,Debit Card,
2867,CUST0386,13 Feb 2023,115.43,Online,East,Credit Card,
2404,CUST0332,02 Dec 2024,105.6,in-store,North,Debit Card,
3313,CUST0442,28 Dec 2022,-92.64,Online,south,Credit Card,
2978,CUST0398,11/23/2022,101.88,in-store,east,PayPal,
3064,CUST0411,26 Sep 2023,142.57,online,North,Debit Card,
1151,CUST0161,2023/05/10,76.42,In-Store,East,Debit Card,
2589,CUST0355,20 Oct 2025,127.88,Online,East,Credit Card,
2366,CUST0326,2026-04-12,95.76,IN-STORE,WEST ,Credit Card,A
165,CUST0027,06-05-2026,170.0,Online,East,PayPal,
2286,CUST0315,08/21/2021,98.01, Online,North,Debit Card,
2139,CUST0293,28 Dec 2024,163.68,online,North,Credit Card,
1397,CUST0187,2023-10-03,121.65,in-store,East,Debit Card,
2880,CUST0387,2025-11-27,128.26,In-Store,South,Credit Card,
1121,CUST0159,08/21/2022,70.78,In-Store,North,Debit Card,
1736,CUST0228,23-10-2025,148.36,in-store,West,Credit Card,
3602,CUST0479,2024/09/16,75.3,In-Store,East,Credit Card,
509,CUST0082,21 Jul 2025,100.82,In-Store, East,Credit Card,
354,CUST0056,04 Jan 2025,98.3, In-Store,South,Debit Card,
1070,CUST0151,24 Sep 2022,103.47,Online,East,Credit Card,
1763,CUST0234,2024/11/04,135.45,Online ,North,Cash,
3544,CUST0473,05-02-2025,153.26,In-Store,North,PayPal,
1445,CUST0195 ,10-04-2024,177.08,online,West,PayPal,
2324,CUST0322,09-10-2023,166.41,Online,West,Debit Card,
792,CUST0115,20-02-2024,99.42,In-Store,West,Debit Card,
190,CUST0030,14 May 2023,134.39,In-Store,south,Credit Card,
2544,CUST0349,2023/07/13,150.06,Instore,South,Credit Card,
2288,CUST0315,2020-12-03,$97.31,Online,North,Credit Card,
1988,CUST0274,2024-06-16,161.76, In-Store,East,Credit Card,
471,CUST0076,15 Apr 2025,167.52,Instore,south,Credit Card,
3222,CUST0431 ,2025/05/28,136.09,Online,north,Cash,
565,CUST0089,15-02-2025,148.98,In-Store,North,Credit Card,
2146,CUST0293,05 Mar 2022,121.06, In-Store,North,Credit Card,
1512,CUST0203,2026-03-23,110.68,IN-STORE,West,Credit Card,A
2156,CUST0296,09-01-2023,74.88,IN-STORE,west,Credit Card,
3166,CUST0424,2024-10-31,132.08,Online,West,Credit Card,
2016,CUST0276,2021-01-31,109.89,in-store,West,,
1834,CUST0241,2025-01-21,88.63,In-Store,West,Debit Card,
3416,CUST0456,23-12-2025,119.85,Online,WEST ,Credit Card,
126,CUST0019,12/09/2020,116.44,In-Store,south,Credit Card,
3107,CUST0416,2021-05-14,37.85, Online,North,Credit Card,
2576,CUST0353,24 Sep 2023,170.83,Online,West,Debit Card,
2381,CUST0328,09 Dec 2025,$124.47,In-Store,East,Credit Card,
1695,CUST0226,2022/12/25,132.68,In-Store,north,Debit Card,
538,CUST0085,2020/05/11,76.48,Online,West,Credit Card,
2116,CUST0290,01 Jul 2023,120.85,Online,East,Debit Card,
2358,CUST0324,08/02/2023,,,South,Credit Card,
345,CUST0055,2021-12-19,77.96,Online ,South,PayPal,
401,CUST0065,12/09/2020,74.8,,East,Cash,
2700,CUST0366,31-10-2021,94.21,Online,west,Credit Card,
1853,CUST0246,07/30/2026,93.02,Online,North,Credit Card,
989,CUST0142,07/16/2025,122.02,ONLINE,south,PayPal,
1974,CUST0270,2022/10/07,7.23,In-Store,West,Credit Card,
941,CUST0134,2023/04/06,78.11,Online, East,Credit Card,
196,CUST0030,2024/08/14,121.32,ONLINE,south,Cash,
3518,cust0469,10-07-2025,102.08,online,South,Debit Card,
1326,CUST0182,2023/09/15,104.96,Instore,South,PayPal,
882, CUST0130,2020/05/16,3760.41,Online,North,Debit Card,
3220,CUST0431,02-02-2026,195.46,Online ,North,Cash,A
2793,CUST0377,unknown,80.81, In-Store,East,Credit Card,
264,CUST0041,19 Jun 2025,166.09,Online,West,PayPal,
3331,CUST0444,2022-03-30,105.34,In-Store,East,PayPal,
805,CUST0117,08 Oct 2023,92.97,Online,South,Credit Card,
3577,CUST0478,09/28/2025,143.07,Instore,East,Cash,
830,CUST0121,03/16/2026,127.89,Online,North,Credit Card,A
2074,CUST0283,03-08-2024,83.56,Instore,North,Debit Card,
1046,CUST0149,2024/06/25,134.78,In-Store,south,Credit Card,
2480,CUST0340,03/15/2026,105.53,Online,East,Debit Card,B
3411,CUST0454,09/24/2023,144.03,In-Store,North,Cash,
670,CUST0102,25 Apr 2022,124.96,In-Store,West,Debit Card,
3350,CUST0444,2022/01/09,83.18, In-Store,East,Debit Card,
244,CUST0037,13 Aug 2025,142.12,Online,east,Cash,
2730,CUST0368,23 Oct 2021,99.79,Online, East,Debit Card,
2294,CUST0316,11/22/2025,93.0,In-Store,South,Credit Card,
3199,CUST0429,30 Aug 2024,149.14,In-Store,South,Debit Card,
2844,CUST0384,05 Nov 2024,74.85,in-store,West,Cash,
2773,CUST0374,31-05-2024,145.48,In-Store,North,Credit Card,
3395,CUST0454,08/09/2020,60.41,Online,North,Debit Card,
3032,CUST0406,20-04-2024,168.3,In-Store,North,Debit Card,
2418,CUST0333,12/13/2022,155.8,in-store,east,Credit Card,
2874,CUST0386,2023-07-11,71.44,Online,East,Credit Card,
3144,CUST0421,2025/06/28,123.28,Online,East,Debit Card,
1377,CUST0186,08/22/2025,106.27,online,North,Credit Card,
1945,CUST0266,07 Dec 2025,205.18,Online,East,Debit Card,
2801,CUST0378,2025-11-01,127.18,Instore,,Credit Card,
3009,CUST0405,10/13/2025,215.57,In-Store,South,Debit Card,
1877,CUST0252,12/24/2023,86.06,IN-STORE,West,Debit Card,
758,CUST0111,10-02-2025,132.74,online,North,Debit Card,
1947,CUST0266,2025-02-28,unknown,Online,East,Credit Card,
853,CUST0126,02/09/2026,125.19,Online, East,Credit Card,
1906,CUST0256,2025/04/21,123.92,IN-STORE, North,Cash,
557,CUST0088,2022-03-01,147.93,ONLINE,West,PayPal,
3303,CUST0441,07/05/2021,61.41,Online,East,Credit Card,
1457,CUST0196,03/22/2023,111.86,In-Store,South,Debit Card,
998,CUST0144,05/13/2020,64.49,Online ,SOUTH,Debit Card,
2804,CUST0378,2024-08-24,121.13,Online,East,Cash,
1095,CUST0155,16-05-2024,18.4,Online,West,Credit Card,
391,CUST0062,09 Jul 2025,135.46,In-Store,South,Debit Card,
3273,CUST0439,03/09/2025,117.52,Online ,North,Credit Card,
22,CUST0004,07 Sep 2022,108.72,ONLINE,North,Credit Card,
2947,CUST0394,2023-11-02,94.23,IN-STORE,North,Debit Card,
2882,CUST0387,09/21/2021,33.59,In-Store,South,Credit Card,
3307,CUST0441,2023/03/06,186.97,Online,East,PayPal,
1956,CUST0268,05/30/2025,92.35,Online,east,Debit Card,
1026,CUST0147,2024-03-25,161.47,ONLINE,East,Cash,
1777,cust0235,08/21/2024,177.41,Online,North,PayPal,
1733,CUST0228,06 Nov 2023,108.39,IN-STORE,West,Credit Card,
2617,CUST0358,2022/11/12,122.32,Online ,North,Cash,
654,CUST0099,08/10/2023,65.59,In-Store,North,Cash,
3301,CUST0441,27 Dec 2024,99.05,Online,East,Credit Card,
3228,CUST0431,02/01/2024,78.15,ONLINE, North,PayPal,
171,CUST0027,29 Jun 2026,$124.34,Online,east,Credit Card,
1767,CUST0234,11/06/2025,148.75,Online,,Debit Card,
61,CUST0008,11-06-2023,110.95,Online,East,Credit Card,
186,CUST0029,2024/01/18,193.0,Online,East,Credit Card,
247,CUST0037,09 Nov 2021,39.38,In-Store,east,,
1344,CUST0183,2021-03-26,128.32,In-Store,,Credit Card,
2179,CUST0298,05/15/2023,149.81, In-Store, East,Credit Card,
2182,CUST0298,2021/03/07,100.72,Online,East,Cash,
1009,CUST0146,29-05-2023,109.19,In-Store,South,Cash,
2835,CUST0382,01/21/2023,$83.69,Online,South,Debit Card,
1535,CUST0206,2025/05/06,123.59,ONLINE,North,Debit Card,
1426,CUST0191,17 Jul 2024,110.76,In-Store,west,PayPal,
1213,CUST0171,2024-10-12,117.57,Online,North,PayPal,
1920,CUST0259,09/06/2023,-52.73,In-Store,South,PayPal,
178,CUST0028,05/28/2026,107.99,In-Store,East,Cash,
280,CUST0045,25 Feb 2026,166.26,online,West,Credit Card,A
978,CUST0140,25-05-2026,126.25,In-Store,East,Debit Card,
1303,CUST0179,19-08-2021,61.71,in-store,West,Credit Card,
2416,CUST0333,27 Dec 2021,106.63,In-Store,East,Credit Card,
312,CUST0049,2026-01-20,107.18,Instore,West,Credit Card,
2934,CUST0392,2022-05-04,66.22,online,SOUTH,Credit Card,
2654,CUST0362,2026-05-19,,In-Store,South,Debit Card,
858,CUST0126,14-01-2023,119.45,Online,East,Credit Card,
44,CUST0007,2021/04/06,132.6,Online,North,Cash,
2184,CUST0298,2025-03-05,146.51,Online,East,Credit Card,
2348,CUST0324,2025-08-25,,In-Store,South,Credit Card,
3039,CUST0407,2025-03-28,123.22,In-Store,north,Credit Card,
448,CUST0072,04/03/2024,98.41,In-Store,East,Credit Card,
2679,CUST0365,08 May 2021,117.24,In-Store,South,,
1783,CUST0236,05/15/2026,137.35,In-Store,North,Credit Card,
2685,CUST0365,12/30/2021,47.7,In-Store,SOUTH,Credit Card,
2569,CUST0353,2024/08/07,155.51,In-Store,West,Cash,
1924,CUST0261,03/25/2025,90.48,ONLINE,East,Credit Card,
1342,CUST0183,21-02-2022,103.32,In-Store,West,,
1114,CUST0158,06/08/2026,144.26,In-Store, East,Credit Card,
453,CUST0074,23-07-2025,128.89,Online,South,Cash,
279,CUST0045,26 Mar 2025,100.78,Online,West,PayPal,
2,CUST0001,14 Jul 2022,71.45, Online,North,Credit Card,
358,CUST0056,21 Dec 2023,141.53,In-Store,South,Debit Card,
377,CUST0060,04/12/2026,162.62,Online,South,PayPal,
1995,CUST0274,01/29/2026,153.3,In-Store,East,Debit Card,
612,CUST0095,06/21/2026,176.52,online,SOUTH,PayPal,
252,CUST0038,01 May 2026,179.71,in-store,South,Cash,
2778,CUST0375,04/02/2021,150.25,In-Store,South,Credit Card,
3159,CUST0423,2023-07-24,148.97,Online, North,PayPal,
2208,CUST0304,01/20/2026,184.61,Online,East,Credit Card,
3042,CUST0408,2021-12-24,90.9,Online,South,Credit Card,
2828,CUST0382,2026/05/14,171.61,Online,South,PayPal,
1389,CUST0186,07/10/2025,131.51,Online,North,Debit Card,
2129,CUST0291,19 Sep 2022,121.09,Online ,,Debit Card,
1862,CUST0250,08 Aug 2025,184.28,In-Store,,Debit Card,
522,CUST0084,05/08/2022,140.69,In-Store,East,PayPal,
1606,CUST0216,07/14/2026,137.59,In-Store,SOUTH,Debit Card,
949,CUST0135,2022-05-16,111.22,Online,North,Credit Card,
542,CUST0085,2026-06-19,181.72,Online,west,Credit Card,
752,CUST0111,2023/06/22,124.09,Online,North,Debit Card,
729,CUST0109,22 Sep 2024,162.26, Online,East,PayPal,
371,CUST0057,03/10/2022,94.97,In-Store,South,Cash,
1562,CUST0209,2025/05/26,196.97,Online,East,Debit Card,
953,CUST0135,27-06-2022,46.69,Online,North,Cash,
761,CUST0111,11 Oct 2022,143.77,Online,North,Debit Card,
3138,CUST0420,2023-10-07,114.32,In-Store,South,Credit Card,
485,CUST0078 ,2022/04/02,126.59,Online,East,Credit Card,
2729,CUST0368,12/23/2025,96.78,In-Store,East,PayPal,
660,CUST0100,03/14/2026,140.77,Online,South,,
3288,CUST0440,23-03-2026,77.05,In-Store,NORTH,Debit Card,B
2555,CUST0352,2025-10-09,111.49,Instore,east,Debit Card,
3010,CUST0405,2023-10-18,98.86,online,South,Cash,
922,CUST0132,20 Jul 2022,135.17,In-Store,South,Credit Card,
983,CUST0141,01/29/2026,70.11,Online,WEST ,Credit Card,
996,CUST0144,04-05-2021,95.53,In-Store,South,Credit Card,
2449,CUST0337,03 Jul 2026,146.12,In-Store,South,Credit Card,
3124,CUST0418,10-07-2026,162.81,Online,South,Credit Card,
1712,CUST0227,2025-03-24,137.42,Online,North,Credit Card,
1666, CUST0222,2025/06/27,181.49,In-Store,North,Debit Card,
1422,CUST0191,2025-06-08,96.18,In-Store,West,PayPal,
13,CUST0003,13-04-2026,132.43,In-Store,West,Credit Card,A
1386,CUST0186,03/14/2023,164.24,Online,North,Debit Card,
3165,cust0424,02 Dec 2022,103.29,Online,WEST ,PayPal,
2254,CUST0311,2026-03-27,186.62,Online ,West,Credit Card,B
1632,CUST0219,2024-09-03,39.21,In-Store,East,Debit Card,
449,CUST0072,2025/07/05,93.74,In-Store,East,Debit Card,
1233,CUST0172,2026/03/05,$179.56,Online,South,PayPal,B
2484,CUST0341,2025/06/14,141.2,In-Store,North,Debit Card,
1732,CUST0228,30-04-2023,87.82,In-Store,West,PayPal,
678,CUST0104,2025/04/12,120.75,Online,South,Credit Card,
2026,CUST0276,27 Apr 2024,92.34,In-Store,West,Credit Card,
1880,CUST0252,2025-03-25,unknown,In-Store,West,Debit Card,
3276,CUST0439,2024-05-29,,IN-STORE,North,Debit Card,
608,CUST0095,2025-10-18,77.65,In-Store,South,Credit Card,
3444,CUST0460,17-02-2026,155.55,In-Store,East,Debit Card,B
1240,CUST0173,2022/03/16,142.7,Online,North,Credit Card,
2247,CUST0310,07-12-2023,108.04,In-Store,North,PayPal,
270,CUST0043,09-12-2025,140.68,Online,South,PayPal,
1654,CUST0221,2024/02/08,89.25, In-Store, East,Credit Card,
780,CUST0114,01/24/2026,161.16,In-Store,East,Debit Card,
2862,CUST0385,2025-09-21,132.04,Online,West,PayPal,
1008,CUST0146,10-10-2024,93.39,In-Store,south,Credit Card,
2038,CUST0278,2022-02-12,86.36,IN-STORE,North,Debit Card,
2986,CUST0400,07/17/2026,156.52,ONLINE,North,PayPal,
1768,CUST0234,2025/05/01,209.66,Online,North,Debit Card,
834,CUST0121,30-06-2025,125.96,Online,North,Cash,
1962,CUST0268,01-04-2025,151.77,In-Store, East,Credit Card,
2584,CUST0354,08/04/2023,156.47,In-Store,East,Credit Card,
2203,CUST0303,2022-08-31,-133.2,Online,South,Cash,
822, CUST0118,07/11/2026,179.86,Online,North,Cash,
3077,CUST0413,2022-06-07,147.5,In-Store,South,Debit Card,
2457,CUST0338,09-12-2022,unknown,Online,North,Cash,
3384,CUST0453,15-03-2024,108.3,In-Store,East,Debit Card,
3180,CUST0426,11 Feb 2026,206.71,In-Store,North,Debit Card,A
98,CUST0014,25 Feb 2025,39.28,In-Store,North,Credit Card,
1975,CUST0270,08/25/2025,$149.01, Online,West,PayPal,
2774,CUST0375,11 Mar 2023,105.83,Online,South,Debit Card,
867, CUST0128,28-08-2024,141.12,online,east,Credit Card,
2736,CUST0368,13 Oct 2021,22.51, Online, East,Debit Card,
926,CUST0133,03/12/2024,95.95,Online,North,Credit Card,
2852,CUST0384,13-07-2024,129.16,In-Store,West,Debit Card,
40,CUST0007,15 Jun 2020,,in-store,North,Credit Card,
3112,CUST0416,13 Nov 2025,128.02,IN-STORE,North,Credit Card,
2837,CUST0382,08/13/2020,131.18,Online,South,Debit Card,
1710,CUST0227,2025-03-29,109.33,In-Store,North,Credit Card,
3184,CUST0426,17 Jun 2024,84.38,Online,North,Cash,
2786,CUST0376,03/20/2026,73.61,In-Store,West,Credit Card,A
1672,CUST0223,01/01/2024,81.43,In-Store,east,Credit Card,
2466,CUST0338,2026/06/29,120.46,In-Store,North,Credit Card,
641,CUST0098,17 May 2021,112.1,In-Store,East,Credit Card,
2530,CUST0348,10 Sep 2023,61.84,In-Store,West,Debit Card,
2172,CUST0297,06 Oct 2021,119.11,Online,North,PayPal,
1149, CUST0161,2025-04-14,2251.4, In-Store,East,Debit Card,
676,CUST0104,10/07/2024,$122.13,Online,South,Debit Card,
1717,CUST0227,25 Jan 2025,173.61,online,North,Debit Card,
2002,CUST0275,2026-03-25,122.67,In-Store,North,Cash,
1174,CUST0165,2022/08/23,82.58,Online,South,PayPal,
1471,CUST0198,2021/10/22,43.37,In-Store,West,Debit Card,
1849,CUST0246 ,2026-07-19,143.59, Online,North,Credit Card,
1893,CUST0253,11-01-2024,207.71,Online,SOUTH,Debit Card,
3057,CUST0410,2024-05-07,93.61,online,east,Credit Card,
1238,CUST0173,27-06-2023,147.86,Online,North,Debit Card,
2380,CUST0327,10/31/2025,102.6,In-Store,North,Debit Card,
56,CUST0008,2024/02/18,147.87,Online,East,Debit Card,
1495,CUST0200,2024-06-21,112.37,In-Store,East,Cash,
217,CUST0034,2025-11-29,113.65,Online,East,Debit Card,
1236,CUST0173,09/21/2023,193.81,ONLINE,North,Credit Card,
624,CUST0096,2026-02-21,148.62,In-Store,West,Debit Card,B
3190,CUST0428,05 Sep 2025,110.82,ONLINE,west,Credit Card,
1821,CUST0239,2025-08-06,94.89,Online,West,Debit Card,
3335,CUST0444,2021/12/22,unknown,Online,East,PayPal,
2568,CUST0353,03 Feb 2022,84.12,Online,West,Credit Card,
321,CUST0052,2023/01/12,202.05,In-Store,NORTH,Credit Card,
1115,CUST0158,05-10-2025,$83.55,In-Store,East,PayPal,
259,CUST0040,2026/01/02,136.81,ONLINE,West,Credit Card,
2557,CUST0352,13 May 2023,55.61,In-Store,East,Credit Card,
2058,CUST0280,09/04/2023,103.1,In-Store,West,PayPal,
2875,CUST0386,21-03-2025,128.13,Online, East,Debit Card,
602,CUST0095,2026-04-18,171.29,Online,south,Debit Card,B
332,CUST0053,07-10-2024,203.42,IN-STORE,North,PayPal,
1748,CUST0230,10/29/2024,154.76,Online,North,Credit Card,
168,CUST0027,21-10-2024,92.95,online,East,Debit Card,
2261,CUST0312,2024-12-22,21.53,Online,west,Debit Card,
3357,CUST0445,18 Jan 2026,85.29,In-Store,West,Credit Card,
3155,CUST0423,02/14/2024,127.97,Online,north,,
2087,CUST0287,10/11/2023,111.29,In-Store,West,PayPal,
3006,CUST0404,2024-07-04,90.83,Online,North,Credit Card,
963, CUST0136,22-05-2022,147.98,In-Store,North,Credit Card,
1475,CUST0198,2024-01-16,45.19,Instore,West,Credit Card,
184,CUST0029,2022/10/17,134.08,Online ,East,Credit Card,
973,CUST0138,01-08-2024,133.27,Online,south,Debit Card,
981,CUST0140,2026/06/06,65.75,IN-STORE,East,Debit Card,
3233,CUST0432,2025/04/01,119.42,In-Store,West,Credit Card,
1963,CUST0268,2024-07-08,112.2,In-Store,East,Debit Card,
414,CUST0066,29 Feb 2024,150.68, Online,South,Cash,
2385,CUST0330,28-03-2026,123.26,Online,NORTH,Credit Card,B
3500,CUST0466,2024/10/02,105.25,Online ,North,PayPal,
3532,CUST0472,2021-12-17,96.11,Online, East,Debit Card,
2918,CUST0390,09/12/2025,101.73,Online,North,Debit Card,
3020,CUST0406,2024-10-18,-153.57,,North,Credit Card,
357,CUST0056,26 Nov 2021,42.62,In-Store,South,Credit Card,
405,CUST0065,08/02/2026,154.76,In-Store, East,Debit Card,
2984,CUST0399,22 Jul 2025,179.11,Online ,East,Credit Card,
3034,CUST0407,2025/09/29,$111.49,IN-STORE,North,Credit Card,
802,CUST0116,2024/11/04,132.61,In-Store,South,PayPal,
2153,CUST0294,2022/01/26,83.09,In-Store,East,Debit Card,
1393, CUST0187,26 Nov 2022,139.45,Online,East,Debit Card,
1831,CUST0240,2020/07/07,37.74, Online,North,PayPal,
1157,CUST0162,2024-12-11,5.0, In-Store,East,Cash,
3100,CUST0415,02-01-2026,143.49,Online,East,Credit Card,
3105,CUST0416,21 Mar 2026,125.24,Online, North,Credit Card,B
2394,CUST0332 ,31-01-2022,68.03,IN-STORE,North,Debit Card,
433,CUST0069,2025-07-17,161.44,In-Store,East,Credit Card,
1325,CUST0181,28 Jul 2022,159.68,Online,West,PayPal,
1330,CUST0182,2026/06/02,159.35,In-Store,South,Credit Card,
749,CUST0110,13 Feb 2026,147.44,Online,North,Credit Card,A
2197,CUST0302,2026/04/19,133.22,in-store,North,Debit Card,B
1812,CUST0238,2025/01/27,$60.10,In-Store,North,Debit Card,
173,CUST0027,09 Jan 2026,194.28,Online,East,Debit Card,
2945,CUST0393,26-08-2025,121.6,Online,North,Debit Card,
863,CUST0127,18 Nov 2025,$176.19,Online,South,Cash,
2542,CUST0349,2025-02-11,42.38,Online,south,Debit Card,
428,CUST0068,2023-06-04,51.95,In-Store,East,PayPal,
1191,CUST0167,12/31/2023,29.45,In-Store,North,Debit Card,
223,CUST0034,09/19/2021,150.44,Online,East,Debit Card,
1497,CUST0200,2022-02-28,94.4,Online,East,Debit Card,
2504,CUST0343,23 Apr 2024,143.77,Online,south,Debit Card,
2270,CUST0312,2022-06-10,110.3,online,west,Credit Card,
2975,CUST0398,15-09-2022,96.92,In-Store,East,Debit Card,
124,CUST0019,2023-07-17,89.05,Instore,South,Cash,
3188,CUST0427,08-07-2024,159.66,Online,North,PayPal,
1465,CUST0196,03/24/2023,191.43,In-Store,South,PayPal,
1214,CUST0171,2024-08-31,161.18,Online,North,Cash,
2726,CUST0368,2021-01-06,131.06,Online,East,Cash,
2586,CUST0354,2026/06/17,171.89,In-Store,East,Debit Card,
2771,CUST0374,07 Jun 2022,157.68,ONLINE,North,Credit Card,
2871,CUST0386,2023/09/24,114.6, Online,East,Credit Card,
2087,CUST0287,11-10-2023,111.29,IN-STORE,West,PayPal,
3354,CUST0445,2025/10/11,229.73,In-Store,WEST ,Debit Card,
2021,CUST0276,01/13/2026,111.38,Online,West,Credit Card,
187,CUST0030,04/09/2024,141.43,Online,South,Debit Card,
1829,CUST0240,27-02-2024,133.66,Online,North,Credit Card,
3585,CUST0478,30-12-2023,135.37,In-Store,East,Credit Card,
577,CUST0092,22-11-2021,95.52, Online,West,Credit Card,
456,CUST0075,16-02-2023,112.03, Online,NORTH,Credit Card,
318,CUST0050,27 Jul 2025,119.59,Online,North,Credit Card,
1680,CUST0223,2023/08/17,49.45,Online,East,PayPal,
256,CUST0039,2025-02-03,134.9,in-store,West,Debit Card,
1657,CUST0221,2023/09/16,162.86,ONLINE,East,Debit Card,
370,CUST0057,2025-12-30,,In-Store,South,Credit Card,
1627,CUST0218,30-06-2025,100.34,In-Store,North,Debit Card,
601,CUST0095,28 Dec 2020,101.65, Online,South,Cash,
3238,CUST0434,2025-11-05,116.49,Online,North,Debit Card,
976, CUST0139,03/09/2025,133.95,IN-STORE,West,PayPal,
2797,CUST0377,09/09/2023,125.6,Online,East,PayPal,
2593,CUST0355,04 Jun 2025,114.13,Online,East,Credit Card,
545,CUST0086,05/07/2024,$111.79,in-store,West,Credit Card,
1576,CUST0212,11/18/2023,147.54,Online,South,Credit Card,
1537,CUST0207,2026-07-24,179.02,Online,South,Debit Card,
1611,cust0217,2024/09/29,113.16,Online,West,Credit Card,
3143, CUST0421,19 Sep 2022,$137.69,Instore,East,Credit Card,
2228,CUST0308,09/19/2022,105.06,Online,East,PayPal,
482,CUST0077,11-10-2025,148.41,In-Store,East,Credit Card,
462,CUST0075,17-04-2023,141.49, In-Store,NORTH,Credit Card,
269,CUST0043,12/25/2024,109.56, In-Store,south,Debit Card,
1126,CUST0159,2025/09/17,117.85,Online ,North,Credit Card,
2005,CUST0275,2024-10-28,146.39,Online ,North,Credit Card,
696,CUST0106,2021-02-22,127.62, In-Store,South,Credit Card,
2661,CUST0363,2025-07-22,142.84,In-Store, East,Cash,
2054,CUST0279,02/19/2025,167.14,In-Store,North,Credit Card,
1028,CUST0147,06-05-2026,190.68,In-Store,,Debit Card,
47,CUST0007,2024-06-12,66.32,online,North,Credit Card,
2310,CUST0318,2026-04-29,86.81,Online,East,Debit Card,B
70,CUST0009,02/16/2025,144.2, In-Store,North,PayPal,
2693,CUST0365,2021-01-05,136.69,Online,South,Debit Card,
2164,CUST0296,2026-01-10,235.91,Online,West,Credit Card,
2426,CUST0334,29 Feb 2024,39.87,In-Store,South,Debit Card,
1651,CUST0221,19-06-2022,147.17,Online,East,Credit Card,
771,CUST0113,2024/01/14,222.43,Online ,South,Debit Card,
1510,CUST0202,04/27/2026,96.0,Online,West,,A
2566,CUST0353,24-03-2026,181.25,Online,West,Credit Card,A
1738,CUST0228,2024-10-18,$119.14,Online,West,PayPal,
2076,CUST0284,25-04-2026,67.88,Online,North,PayPal,A
2523,CUST0347,25 Jan 2021,85.78, Online,,Debit Card,
3111,CUST0416,20-08-2021,47.54,In-Store,North,Credit Card,
623,CUST0096,2026-03-12,134.72,In-Store,West,Debit Card,B
1461,CUST0196,03/27/2026,147.46,Online,South,PayPal,B
2944,CUST0393,2025-08-19,100.82,Online,North,Credit Card,
1208,CUST0170,2024/06/08,89.7,Online,east,Credit Card,
1419,CUST0190,29-10-2025,134.92,Online,North,Credit Card,
284,CUST0045,02/16/2023,139.81,In-Store,West,Credit Card,
3130,CUST0420,08/04/2024,129.62,In-Store,South,Credit Card,
3490,CUST0465,11 Dec 2022,105.11,Online,north,Credit Card,
3332,CUST0444,05/11/2026,50.04, In-Store,East,Cash,
1199,CUST0168,26-12-2023,114.31,In-Store,North,Credit Card,
1676,CUST0223,23 Sep 2022,91.1,IN-STORE, East,Credit Card,
2014,CUST0276,08-09-2023,123.72,Online,West,Debit Card,
738,CUST0110,2023-12-17,69.43,Online,North,Credit Card,
1670,CUST0223,16 Apr 2025,105.37,IN-STORE,East,Credit Card,
897,CUST0131,2026/01/11,212.95,ONLINE,East,PayPal,
3293,CUST0441,10/09/2025,177.62,Instore,East,Debit Card,
1908,CUST0256,26-03-2024,182.24,ONLINE,North,Debit Card,
769,CUST0113,31 Jul 2025,136.87,Online,South,Credit Card,
1168,CUST0164,24 Nov 2025,115.99,Online,North,Credit Card,
2747,CUST0369,12-01-2023,44.25,Online,South,Credit Card,
1837,CUST0241,2024/02/15,205.1,In-Store,west,Debit Card,
2503,CUST0343,01/01/2025,195.18, Online,SOUTH,Debit Card,
2263,cust0312,2025-08-25,186.88,online,West,Credit Card,
3501,CUST0466,2022/11/19,130.0,Online,North,PayPal,
3471,CUST0462,2022-07-01,73.9,In-Store, North,,
277,CUST0044,06/14/2024,174.93,Online,East,PayPal,
2295,CUST0316,01/08/2024,135.36,Online,South,Credit Card,
342,CUST0055,2022-12-20,81.21,Online,South,Credit Card,
1296,CUST0179,20-12-2023,120.94,In-Store,West,PayPal,
2709,CUST0366,29 Mar 2022,110.15,Online,West,Debit Card,
2285,CUST0315,2022/06/10,5.0,Instore,North,Cash,
3279, CUST0440,05 Dec 2024,106.62,Online,North,Credit Card,
2764,CUST0374,28-10-2022,59.4,In-Store, North,Credit Card,
3237,CUST0433,2025/08/29,142.84,Online,,,
1463,CUST0196,07/14/2023,144.13,Online ,South,Debit Card,
1649,CUST0220,2022/04/03,96.41,In-Store,South,Credit Card,
1006,CUST0146,22-12-2024,100.71,In-Store,South,Credit Card,
2109,CUST0289,2025-10-02,88.15,In-Store,West,Debit Card,
1619,CUST0218,2021-03-29,124.83,Online,North,Debit Card,
3029,CUST0406,26-12-2021,71.83, Online,North,Debit Card,
28,CUST0005,06 Apr 2024,-122.5,In-Store,West,,
3274,CUST0439,2024-07-26,145.85,In-Store,North,Credit Card,
2397,CUST0332,04/11/2024,90.49,In-Store, North,Debit Card,
260,CUST0041,11-08-2025,73.52,Online,West,Credit Card,
777,CUST0113,07-09-2022,175.09,in-store,South,Debit Card,
3515,CUST0468,23 Oct 2025,186.15,in-store,West,,
2459,CUST0338,2022/03/02,$59.29,In-Store,North,PayPal,
755,CUST0111,24 Jul 2020,80.23,Online,North,Credit Card,
3120,CUST0418,2022-07-18,86.09, In-Store,South,Credit Card,
3465,CUST0461,2023-12-10,96.61,Online,South,Debit Card,
2335,CUST0323,25-06-2020,117.5,IN-STORE,North,Credit Card,
2682,CUST0365,2025-06-12,143.84,In-Store,South,Debit Card,
662,CUST0102,17 Dec 2022,89.52,In-Store,west,Debit Card,
162,CUST0026,23-02-2024,132.28,In-Store,North,PayPal,
910,CUST0131,25 Oct 2022,65.9,ONLINE,east,Cash,
3094,CUST0415,2023/05/05,84.63,Online,East,Cash,
2365,CUST0326,2022/04/25,-,In-Store,west,PayPal,
3304,CUST0441,07/08/2022,122.92,Online,East,PayPal,
2230,CUST0308,05 Oct 2023,116.31,Online,East,Credit Card,
1101,CUST0156,29-08-2024,$93.37,In-Store,West,Debit Card,
1540,CUST0207,2024/08/03,155.17,In-Store,South,PayPal,
3051, CUST0408,12/28/2025,133.14,online,South,Credit Card,
2003,CUST0275,03/14/2022,86.63,Online,North,Credit Card,
1574,CUST0212,23 Sep 2023,96.47,Online,South,Debit Card,
106,CUST0016,2026/07/13,173.15,In-Store,North,PayPal,
821,CUST0117,21-11-2025,139.82,In-Store,South,Debit Card,
3201,CUST0429,14 Jul 2024,101.63,Online,south,Debit Card,
549,CUST0086,2024-03-09,151.12,Online,West,Credit Card,
1857,CUST0246 ,06-03-2021,127.31,Online,North,Credit Card,
1207,CUST0170,31 Jan 2024,207.22,Online,East,PayPal,
2842,CUST0384,24 Nov 2022,218.57,In-Store,West,Credit Card,
807,CUST0117,13 Jan 2026,136.96, Online,South,Debit Card,
2118, CUST0290,2021/11/26,119.53,In-Store,east,Debit Card,
504,CUST0081,2025-06-18,113.56,In-Store,East,Debit Card,
3189,CUST0428,2025/06/07,123.27, In-Store,West,Debit Card,
2541,CUST0349,10-02-2026,148.94,In-Store,South,Debit Card,B
1835,CUST0241,11-11-2023,69.16,In-Store,West,Debit Card,
3254,CUST0438,2021/07/10,69.42,Instore,South,PayPal,
1185,CUST0166,2026-07-15,148.72,Online,WEST ,Debit Card,
1378,CUST0186,08 Apr 2026,155.7,Online,North,Credit Card,A
984,CUST0141,2025/09/23,108.34,IN-STORE,WEST ,Credit Card,
720,CUST0108,2026/03/02,176.81,Online ,West,Cash,A
2602,CUST0356,06/20/2026,141.56,Online,East,PayPal,
3415,CUST0455 ,24-10-2025,142.9,ONLINE,North,Credit Card,
2246,CUST0310,28 Mar 2026,$180.70,Online ,North,PayPal,A
3050,CUST0408,12/19/2023,198.9,in-store,south,Credit Card,
3413,CUST0455,07/07/2026,180.23,In-Store,North,Credit Card,
2869,CUST0386,05-01-2023,119.29,Online,East,PayPal,
2359,CUST0325,2025/10/26,135.56,Online,East,PayPal,
136,CUST0021,01/19/2024,101.68,Online,,Credit Card,
3305,CUST0441,11-05-2024,75.55,Online,East,Cash,
337,CUST0053,2024-10-26,88.93,In-Store,North,Credit Card,
1791,CUST0237,2021-02-03,17.03,In-Store,North,Cash,
1460,CUST0196,11/28/2025,45.77,in-store,South,,
3358,CUST0445,01-07-2025,158.91,online,West,Credit Card,
1160,CUST0162,2022-07-01,104.96,ONLINE,East,Debit Card,
523,CUST0084 ,25-05-2023,130.56,Online,East,Debit Card,
1936,CUST0265,2023/10/18,75.2,,SOUTH,PayPal,
2455,CUST0338,06 Oct 2025,163.22,online, North,Credit Card,
78,CUST0010,2022-01-21,86.38,In-Store,South,Credit Card,
2043,CUST0278,06-04-2026,146.74,In-Store,North,Credit Card,B
2639,CUST0361,2024/11/20,64.16,In-Store,west,Credit Card,
1004,CUST0145,19-02-2024,-118.93,Online,South,Credit Card,
1479,CUST0199 ,18 Jun 2026,119.54, Online,East,Debit Card,
2856,CUST0384,2023/05/19,143.28,In-Store,west,PayPal,
1427,CUST0191,09 Jan 2025,172.5,In-Store,West,Credit Card,
1403,CUST0188,09/24/2024,68.79,ONLINE,West,PayPal,
3566,CUST0477,20-10-2022,103.27,Online,West,PayPal,
2105,CUST0288,2023-05-28,unknown,Online, North,Debit Card,
1113,CUST0158,02/25/2026,210.35,Instore,East,Credit Card,A
2816,CUST0381,2026-04-30,98.11,Online,East,Credit Card,
2338,CUST0323,2026-07-21,159.01,Online,North,Credit Card,
2987,CUST0400,10/08/2025,-159.09,,North,PayPal,
432,CUST0069,11/22/2025,175.23,online,East,Debit Card,
450,CUST0073,19 Jul 2024,66.75,In-Store, East,Credit Card,
1424,CUST0191,25-05-2024,124.26,online,West,Debit Card,
1137,CUST0160,2021/03/24,147.19,Online,North,PayPal,
2822,CUST0382,09/26/2025,205.62,Online,South,Credit Card,
544,CUST0085,02-04-2025,96.2,Online,West,Credit Card,
1883,CUST0252,,249.93,Online,West,Credit Card,
96,CUST0014,2024-12-03,135.02,Online,North,Debit Card,
2614,CUST0358,20-08-2025,107.1,online,North,Debit Card,
1989,CUST0274,2025/05/24,110.42,In-Store,East,Cash,
3150,CUST0422,10/04/2025,154.37,In-Store,West,Debit Card,
698,CUST0106,01/25/2021,99.12,In-Store,SOUTH,PayPal,
2064,CUST0280,2023-07-14,62.7, Online,WEST ,Credit Card,
2841,CUST0384,2023-12-11,148.21,In-Store,WEST ,Credit Card,
2188,CUST0300,2026-02-23,138.88,In-Store,South,PayPal,B
3338,CUST0444,2023/04/08,142.07,In-Store,East,Credit Card,
1291,CUST0179,17 Mar 2025,121.14,In-Store,West,Credit Card,
1275,CUST0177,2026/06/05,70.3,Instore,South,PayPal,
3128,CUST0418,2024-04-13,157.35,In-Store,south,Cash,
2202,CUST0303,2024/08/19,55.63,IN-STORE,South,Debit Card,
1082,CUST0152,2025-01-28,162.06,Online,South,Credit Card,
3129,CUST0419,2026/04/09,145.0,In-Store,WEST ,Credit Card,A
611,CUST0095,20 Mar 2023,179.02,Online,South,Credit Card,
84,CUST0010,07 Dec 2022,130.85,In-Store,South,Credit Card,
2834,CUST0382,13 May 2022,113.52,ONLINE,SOUTH,Debit Card,
3337,CUST0444,2025-04-15,-160.2,,East,Debit Card,
1892,CUST0253,2022/07/06,149.97,Online,SOUTH,Credit Card,
2705,CUST0366,17-04-2026,203.02,Online,West,PayPal,A
330,CUST0052,06/04/2022,33.62,In-Store,North,PayPal,
3310,CUST0441,13-02-2022,69.12,Online,East,PayPal,
2950,CUST0394,2024-03-13,69.32,IN-STORE,NORTH,Credit Card,
2662,CUST0363,05/12/2024,95.36,IN-STORE,East,Credit Card,
1597,CUST0214,02/13/2022,61.86,Online,North,PayPal,
1528,CUST0206,2023-01-05,108.07,In-Store, North,Credit Card,
1567,CUST0209,22-12-2024,131.59,Online,East,Cash,
2106,CUST0288,19 Jan 2026,113.4,online,North,Debit Card,
138,CUST0021 ,2026-06-26,159.78,In-Store,North,Credit Card,
172,CUST0027,09/10/2021,111.64,Online,East,Cash,
2813,CUST0380,21 Apr 2026,213.51,In-Store,South,Credit Card,B
1940,CUST0266,2025-02-09,108.96,Online,East,Credit Card,
1546,CUST0207,2023-07-10,91.03,Instore,south,Debit Card,
642,CUST0098,01 Jul 2020,88.16,In-Store,East,PayPal,
3601,CUST0479,09/17/2024,117.05,Online,east,Cash,
3400,CUST0454,2021-07-20,111.33,Online,North,PayPal,
1906,CUST0256,2025-04-21,123.92,in-store,North,Cash,
593,CUST0094,2023-06-17,176.9,Online,North,Credit Card,
1108,CUST0157,12/04/2025,4410.29,In-Store,SOUTH,PayPal,
3463,CUST0461,20-11-2024,142.53,In-Store,South,PayPal,
921,CUST0132,2025-01-01,86.56,IN-STORE,South,PayPal,
2651,CUST0362,2025-01-04,113.6, In-Store,south,Debit Card,
3013,CUST0405,04/13/2022,150.8,In-Store,south,Credit Card,
3108,CUST0416,17-08-2025,119.84,Online,North,Credit Card,
2403,CUST0332,05/08/2024,83.49,In-Store,North,Credit Card,
1246,CUST0174,12/08/2025,157.85,Online ,South,Credit Card,
3436,CUST0459,11 Dec 2022,149.32,Online,west,Debit Card,
3141,CUST0421,21 Apr 2026,73.39,Online, East,PayPal,A
27,CUST0005,06-03-2024,66.03,Online,west,Debit Card,
1542,CUST0207,12-11-2024,$175.14,in-store,South,Credit Card,
553,CUST0088,17-02-2026,156.65,In-Store,West,PayPal,B
671,CUST0102,2024/07/24,188.33,In-Store,West,Debit Card,
727,CUST0108,06-02-2024,134.55,In-Store,West,Credit Card,
2334,CUST0323,2024-12-06,88.17,Online,North,Debit Card,
2870,CUST0386,02-06-2025,172.52,Online,East,PayPal,
490,CUST0078,25-05-2024,-,In-Store,east,Debit Card,
519,CUST0083,05/18/2026,95.67,In-Store,North,Credit Card,
1117,CUST0159,14 Jul 2020,157.8, Online,North,Credit Card,
1241,CUST0174,31 Jul 2024,164.73,Online,South,Credit Card,
3600,CUST0479,05/12/2024,156.39,In-Store,East,Debit Card,
1292,CUST0179,01-01-2023,,Online,West,PayPal,
1957,CUST0268,2025/08/01,97.98,In-Store,East,Credit Card,
287,CUST0046,12 Feb 2025,172.27,Online,South,Debit Card,
2954,CUST0394,2025/03/24,134.97,Online,NORTH,Credit Card,
2795,CUST0377,2022-10-08,47.03,In-Store, East,Debit Card,
3437,CUST0459 ,2025/05/14,99.87,Online,West,Credit Card,
3182,CUST0426,06/15/2024,90.95,Online,North,PayPal,
1921,CUST0259,2025-02-22,165.43,Instore,South,Credit Card,
914,CUST0132,07/23/2026,150.58, In-Store,South,Debit Card,
3219,CUST0431,09/22/2022,109.87,Online ,North,PayPal,
3353,CUST0445,2024-03-19,105.46,In-Store,West,Debit Card,
2780,CUST0375,24 Nov 2021,99.62,In-Store,south,Credit Card,
458,CUST0075,2023/05/10,62.31,In-Store,North,Credit Card,
666,CUST0102,2021/09/10,140.4,In-Store,west,Debit Card,
3309,CUST0441,07 Feb 2025,135.73,Online,East,Debit Card,
3546,CUST0474,06-03-2023,165.15,ONLINE,East,Credit Card,
3052,CUST0409,20 May 2026,164.27,ONLINE,North,Debit Card,
3475,CUST0462,2025-06-30,155.21,Online,North,PayPal,
1845,CUST0244,17 Sep 2025,104.55,Online,North,Credit Card,
2933,CUST0392,25-04-2022,122.94,In-Store,South,Debit Card,
2136,CUST0292,20-11-2025,187.63,Online,North,Credit Card,
1633,CUST0219,2022/09/20,59.57,In-Store,East,Debit Card,
2121,CUST0290,22 Dec 2024,167.8,Online,East,Credit Card,
763,CUST0112,11 Oct 2025,60.47, In-Store,SOUTH,Debit Card,
443,CUST0071,2022/02/20,148.02,Online,North,Cash,
2424,CUST0334,2023-04-17,123.92,Online,SOUTH,Cash,
2516,CUST0346 ,27 Dec 2024,83.56,Online,North,Credit Card,
2742,CUST0369,2026/07/01,84.89, Online,South,Cash,
325,CUST0052,2025-03-30,81.82,In-Store,North,PayPal,
1564,CUST0209,2024-12-10,169.38,Online,East,Cash,
2476,CUST0340,2025-06-14,175.43,Online,East,Credit Card,
1085,CUST0153,21-06-2025,134.96,Online,West,Credit Card,
524,CUST0084,2023/12/26,148.32,Online,East,Debit Card,
2940,CUST0393,25 Feb 2025,162.05,In-Store,North,Credit Card,
19,CUST0004,13-02-2023,140.49,In-Store,North,Cash,
934,CUST0133,2023/11/14,142.8, Online,North,Credit Card,
2137,CUST0293,27-12-2024,149.8,In-Store,North,Debit Card,
3592,CUST0479,27-11-2022,97.33,In-Store,East,Credit Card,
1047,CUST0149,04 Sep 2022,94.93,In-Store,South,Debit Card,
3191,CUST0428,02/15/2026,110.69,In-Store,West,Debit Card,A
1212,CUST0171 ,01/12/2026,133.15,In-Store,North,Credit Card,
3007,CUST0404,09/27/2022,81.8,In-Store, North,Debit Card,
986,CUST0141,2025/10/09,180.8,Online,West,Debit Card,
1301,CUST0179,10-03-2026,101.02,in-store,West,Credit Card,A
1701,CUST0226,2023-04-01,92.27,In-Store,North,Credit Card,
756,CUST0111,24-04-2024,127.43,Online,North,Credit Card,
2470,CUST0339,2025/08/09,50.22,In-Store,South,Debit Card,
3409,CUST0454,2022/07/28,155.73,In-Store, North,Credit Card,
2454,CUST0338,2025/06/26,180.57, In-Store,North,Credit Card,
12,CUST0002,2024-10-29,22.71,In-Store,South,Debit Card,
25,CUST0004,2024-06-14,34.25,In-Store, North,Credit Card,
2820,CUST0381,13-08-2024,152.07,Online,East,PayPal,
1316,CUST0181,2025/03/16,119.18,Online,West,Debit Card,
677,CUST0104,01/15/2026,104.22,Online,South,Credit Card,
2926,CUST0391,2024/05/27,106.83,Instore,West,Credit Card,
112,CUST0017,2023-03-02,129.79,Online,South,Credit Card,
2012,CUST0276,2024-11-29,164.4,In-Store,West,Credit Card,
2510,CUST0345,02/03/2026,99.02,Online,South,Debit Card,
737,CUST0110,05 Jun 2024,105.04,Online , North,Credit Card,
2349,CUST0324,2021-09-06,62.25,In-Store,South,Debit Card,
2663,CUST0363,14-10-2025,145.29,In-Store, East,Credit Card,
3092,CUST0414,2025/03/24,45.93,In-Store,East,PayPal,
101,CUST0015,18-02-2023,,In-Store, North,Credit Card,
1563,CUST0209,2026/01/03,112.34,Online,East,Debit Card,
3014,CUST0405,04 Nov 2023,115.53,Online ,south,Credit Card,
2199,CUST0303,2020/12/19,118.21,Online,South,Credit Card,
802,CUST0116,04-11-2024,132.61,In-Store,south,PayPal,
1851, CUST0246,2026/04/28,195.63,online,North,Debit Card,A
2171,CUST0297,2026/05/09,113.87,In-Store,north,Credit Card,
2644,CUST0361,2025-10-06,97.57,Online,WEST ,PayPal,
2751,CUST0370,2024-11-23,129.31, Online,West,Credit Card,
2528,CUST0347,2023-12-30,121.02,Online,East,Debit Card,
688,CUST0106,2024-12-20,128.94,In-Store,South,PayPal,
1911,CUST0258,02/15/2026,147.46, Online,North,Credit Card,A
691,CUST0106,04/07/2026,138.26,IN-STORE,South,Credit Card,B
3484,CUST0464,2026/05/28,136.29,In-Store,North,Credit Card,
1570,CUST0209,2022-04-16,91.45,Online ,East,Credit Card,
3031,CUST0406,2023-03-16,135.34,Online,North,Credit Card,
3320,CUST0442,N/A,79.86,In-Store,SOUTH,Credit Card,
229,CUST0035,2021-07-15,5.0,Online ,East,Cash,
1639,CUST0219,2022-09-29,66.54,In-Store,East,Credit Card,
1504,CUST0201,23-11-2024,126.82,In-Store,South,Credit Card,
3257,CUST0438,03-06-2025,174.95,Online,South,Credit Card,
2910,CUST0390,2024-03-19,150.85,In-Store,North,Debit Card,
3528,CUST0471,2025/04/05,139.16,IN-STORE,East,PayPal,
1216,CUST0171,17-03-2024,71.82,Online,North,Credit Card,
54,CUST0007,13-11-2021,119.92,Online,North,Cash,
3202,CUST0429,2024/05/20,111.01,Online,SOUTH,Cash,
2872,CUST0386,02/09/2025,111.4,In-Store,East,Debit Card,
1969,CUST0270,18-08-2023,134.98,Online,West,PayPal,
1092,CUST0155,20-10-2025,159.27,Instore,West,Debit Card,
2460,CUST0338,03-01-2024,96.13,In-Store,North,Credit Card,
2606,CUST0356,2023-08-09,81.17,In-Store,East,Cash,
3011,CUST0405,08 Jan 2026,147.19, In-Store,South,Debit Card,
2408,CUST0332,09/05/2024,68.99,Online,North,Debit Card,
1690,CUST0225,2025/09/12,$125.58,Online,North,Credit Card,
3126,CUST0418,12 Oct 2025,101.79,Online,South,Debit Card,
1780,CUST0236,2024-07-19,144.88,ONLINE,NORTH,PayPal,
2255,CUST0311,10/12/2025,163.29,Online,west,Debit Card,
2903,CUST0388,10/11/2025,148.48,in-store,South,Credit Card,
94,CUST0013,2022/12/02,108.4,Instore,West,Cash,
3346,CUST0444,25 Dec 2025,61.09,,East,Debit Card,
3572,CUST0477,07/19/2020,89.24,Online,West,Credit Card,
2123,CUST0290,14 Jan 2024,120.68,Online,East,Credit Card,
692,CUST0106,24 Feb 2023,190.65,Online,South,Debit Card,
2714,cust0367,13 May 2026,165.56,In-Store,East,,
2619,CUST0358,2023/04/16,105.38,Online,North,Credit Card,
2212,CUST0305,07/08/2021,108.22,In-Store,West,Credit Card,
2057,CUST0280,24 Jul 2026,121.66,Online ,West,Debit Card,
3388,CUST0453,04/11/2023,85.91,Online ,East,Credit Card,
1516,CUST0204,08-04-2026,76.18,Online ,SOUTH,Debit Card,B
558,CUST0088,2024/07/21,197.53,Online,West,PayPal,
3121,CUST0418,2024/03/25,N/A,In-Store,SOUTH,PayPal,
2085,CUST0287,2026/06/18,,In-Store,West,Debit Card,
2360,CUST0326,2021/12/06,116.39,Online,West,Credit Card,
88,CUST0012,13-03-2026,117.03,In-Store,South,Debit Card,B
2848,CUST0384,2024/04/17,123.88,In-Store,West,Credit Card,
1282,CUST0178,06 Dec 2023,81.01,ONLINE,North,Cash,
2305,CUST0318,2023-05-30,126.63,In-Store,East,Cash,
2119,CUST0290,2026/05/07,127.66,Online,east,Cash,
1312,CUST0181,20-11-2022,,In-Store,West,Credit Card,
2942,CUST0393,04/09/2026,112.73,Online, North,Credit Card,A
1534,CUST0206,2022-09-18,131.54,Online,North,Debit Card,
1985,CUST0274,2023-10-27,93.33,Online,East,Debit Card,
3209,CUST0429,30 Jan 2025,224.03,Online,South,Credit Card,
262,CUST0041,2022/09/04,95.81,Online,West,,
856,CUST0126,21-03-2023,N/A,Online,East,Credit Card,
751,CUST0111,29-03-2025,113.47,Online,North,PayPal,
310,CUST0049,09-06-2026,70.48,In-Store,west,Debit Card,
2890,CUST0387,27-01-2026,121.74, Online,South,Cash,
1508,CUST0201,2024-09-16,56.7,In-Store,SOUTH,Debit Card,
2840,CUST0384,28 Oct 2023,100.05,In-Store,West,Debit Card,
64,CUST0008,05/17/2025,165.9,online,East,Cash,
1942,CUST0266,12/17/2024,189.87,In-Store,East,PayPal,
3370, CUST0447,13 Aug 2025,107.01,Instore,North,Debit Card,
1165,CUST0164,26-05-2025,175.22,In-Store,North,Credit Card,
2859,CUST0384,09-12-2020,68.91,In-Store,WEST ,Credit Card,
3085,CUST0413,01-01-2022,136.1,In-Store,South,Credit Card,
3567,CUST0477,01/27/2023,49.11,Online,West,Cash,
534,CUST0085 ,2022-05-06,$155.33,Online,WEST ,Debit Card,
350,CUST0055,10 Jul 2025,116.2,Online,South,Debit Card,
2483,CUST0341,10 Jan 2024,226.85,In-Store,North,PayPal,
1741,CUST0229,07/24/2024,$127.62,In-Store,South,Credit Card,
2621,CUST0359,28 Jul 2024,118.83,Online,West,Credit Card,
552,CUST0088,2024/08/18,139.11,In-Store,West,Credit Card,
1852,CUST0246,11/23/2021,133.84,Online,North,Debit Card,
1734,CUST0228,30 Jun 2022,12.41,In-Store,WEST ,Cash,
1066,CUST0150,24-04-2023,167.84,In-Store, East,PayPal,
2959,CUST0395,2023-06-04,168.39,Online,South,Debit Card,
1683,CUST0224,03 Dec 2024,92.45,In-Store,North,Debit Card,
2101,CUST0288,2023-04-04,91.87,In-Store,North,PayPal,
2245,CUST0310,20 Feb 2025,92.67,In-Store, North,Debit Card,
1335,CUST0183,03/21/2021,192.84,ONLINE,West,Credit Card,
39,CUST0007,2026/01/29,170.39,Online,North,Credit Card,
2545,CUST0349,28 Feb 2026,121.66,In-Store,South,PayPal,A
3192,CUST0428,2023/12/02,$81.58,Instore,West,Debit Card,
459,CUST0075,13 Aug 2025,89.09,,North,Debit Card,
651,CUST0099,22 Aug 2025,86.3,In-Store,North,Credit Card,
373,CUST0057,29-03-2025,2668.13,Online,South,Debit Card,
3243,CUST0435,26-09-2025,187.89,In-Store,East,Credit Card,
2949,CUST0394,04-06-2023,111.95,In-Store,north,Debit Card,
3027,CUST0406,2024/01/19,137.81, Online,North,PayPal,
1196,CUST0167,2025/03/05,123.96, In-Store,North,Credit Card,
1226,CUST0172,2022/12/26,113.04,online,,PayPal,
3448,CUST0460,2024/05/18,108.01,In-Store, East,Debit Card,
2427,CUST0334,19-04-2026,116.59,In-Store,South,Debit Card,B
1565,CUST0209,03/12/2026,117.57,in-store, East,Credit Card,B
3486,CUST0465,2025-01-02,124.88,Online ,North,Credit Card,
3507,CUST0466,26 Apr 2026,177.35,In-Store,North,Debit Card,
3512,CUST0468,2021-11-09,108.34,Instore,West,Debit Card,
844,CUST0124,N/A,98.63,In-Store,East,Debit Card,
717,CUST0108,2026-03-25,150.39,IN-STORE,West,Debit Card,B
2176,CUST0297,2023/11/16,122.79,In-Store,North,Debit Card,
3275,CUST0439,2026-03-15,140.04,Online,NORTH,Credit Card,A
1828,CUST0240,24 Feb 2025,186.69,Online,North,Credit Card,
1206,CUST0170,18-02-2025,179.79,Online,East,Debit Card,
2708,CUST0366,2024/05/06,150.08,Online,West,Debit Card,
2178,CUST0298,2025-02-09,137.61,Online,East,Credit Card,
1613, CUST0217,2025/08/24,138.85,Online,West,Debit Card,
1195,CUST0167,11/29/2025,116.36,IN-STORE,North,Credit Card,
187,CUST0030,09 Apr 2024,141.43,Online,South,Debit Card,
2794,CUST0377,04-02-2024,78.42,In-Store,East,Cash,
1329,CUST0182,05/06/2026,124.85,In-Store,South,Cash,
1367,CUST0185,2025-12-08,222.09,Online,West,Debit Card,
1001,CUST0145,2023/02/18,118.86,Online,SOUTH,Cash,
675,CUST0104,2023/03/11,106.74,Online,SOUTH,Credit Card,
836,CUST0121,18 Jan 2026,142.94,Online ,North,PayPal,
2062,CUST0280,2022-06-01,141.34,Online,West,Credit Card,
1586,CUST0213,2024/08/08,94.61,In-Store,South,Credit Card,
2224,CUST0306,29 Jul 2026,170.12,Online,West,PayPal,
466,CUST0075,2024-05-13,139.73,In-Store,NORTH,Credit Card,
619,CUST0096,02 Mar 2022,130.57,Online,West,Debit Card,
465,CUST0075,17-09-2024,212.12,In-Store,North,PayPal,
3263,CUST0438,2024-11-20,109.83,online,South,Credit Card,
2525,CUST0347,2024/05/18,98.27,online,East,Debit Card,
723,CUST0108,2025-12-24,119.49,,,PayPal,
2009,CUST0276,2026-07-19,172.26,Online,west,PayPal,
2337,CUST0323,N/A,76.43,Online,North,Credit Card,
665,CUST0102,2024/02/12,96.81,In-Store,West,Debit Card,
2509,CUST0344,22-11-2024,134.7, In-Store,SOUTH,Debit Card,
1376,CUST0186,14-01-2022,162.81,Online,North,PayPal,
1392,CUST0187,2022/01/07,140.72,In-Store,East,Debit Card,
2490,CUST0341,16 Mar 2024,122.82,In-Store,North,Debit Card,
1518,CUST0204,05-04-2025,$91.42,IN-STORE,South,Debit Card,
3535,CUST0472,2025-07-07,190.37,In-Store,East,Credit Card,
177,CUST0028 ,06/26/2026,$80.08,In-Store,East,Credit Card,
1727,CUST0228,18-05-2026,89.54,Instore,West,PayPal,
541,CUST0085,2023-10-02,95.73,Online,West,Credit Card,
1840,CUST0241,31-12-2025,140.74,Instore,West,Debit Card,
873,CUST0129,00/00/0000,162.17,In-Store,West,Debit Card,B
3074,CUST0412,2026/03/10,187.89,In-Store, North,Debit Card,B
576,CUST0092,2022-05-12,,Online ,WEST ,Credit Card,
3306,CUST0441,13 Jan 2023,145.75,Online,East,Credit Card,
3477,CUST0462,03/30/2024,149.31,IN-STORE,North,Cash,
472,CUST0076,07/29/2026,128.12,Online,South,Credit Card,
88,CUST0012,13-03-2026,117.03,In-Store,South,Debit Card,B
3076,CUST0412,09/15/2025,167.47, Online,north,Credit Card,
2558,CUST0352,07/19/2023,36.92,In-Store,east,Cash,
1822,CUST0240,2025-12-01,159.74,In-Store,North,PayPal,
1543,CUST0207,17 Aug 2022,130.29,Online,South,Credit Card,
3405, CUST0454,08 Dec 2025,137.24,Instore, North,Credit Card,
3511,CUST0468 ,2026-03-01,132.56,In-Store,West,Cash,A
2991,CUST0402,03/14/2026,164.59,In-Store,South,Debit Card,B
3268,CUST0439,2025-02-16,91.44, In-Store, North,Credit Card,
1501,CUST0201,03/21/2025,107.29,In-Store,South,Debit Card,
129,CUST0019,24-12-2020,72.71,In-Store,South,Debit Card,
1120,CUST0159,13 Jul 2020,108.59,online,North,Credit Card,
3212,CUST0430,04 Feb 2025,136.3,Online,South,Credit Card,
1365,CUST0185,04/05/2023,65.93,ONLINE,WEST ,Cash,
1318,CUST0181,09-10-2025,179.65,Online ,West,PayPal,
1049,CUST0149,2023-10-08,128.66, In-Store,South,Credit Card,
663,CUST0102,24-05-2026,146.8, In-Store,West,Credit Card,
2145,CUST0293,01/03/2023,127.21,In-Store,North,Credit Card,
2446,CUST0336,25-11-2023,78.54,In-Store,north,Cash,
1140,CUST0160,2024/09/04,162.01,Online,North,Credit Card,
1098,CUST0156,2025-07-13,130.7,In-Store,West,Credit Card,
3407,CUST0454,2023-01-26,120.22,Online,North,Debit Card,
3271,CUST0439,2026/06/10,82.48, In-Store,North,Cash,
2091,CUST0287,10/18/2021,115.91,Online,West,Cash,
1707,CUST0227,2026-03-08,188.7,Online,North,Debit Card,
1255,CUST0175,2022/05/25,9.46,Instore,North,Debit Card,
3420,CUST0457,30-10-2024,141.89,In-Store,North,Cash,
152,CUST0022,05/02/2023,129.43,In-Store,South,Credit Card,
2042,CUST0278,07-03-2022,118.48,In-Store,North,PayPal,
1990,CUST0274,2021-08-09,136.22,IN-STORE,East,Credit Card,
837,CUST0122,09 Oct 2025,122.79,In-Store,North,Debit Card,
461,CUST0075,2026-01-25,138.11,In-Store,north,Debit Card,
395,CUST0063,26-01-2026,155.29,Online,south,Debit Card,
1848,CUST0246,02/15/2026,195.16,Online,North,Debit Card,B
939,CUST0134,2022-05-01,92.9,IN-STORE,East,Debit Card,
2559,CUST0352,2025/04/21,65.65,In-Store,east,Debit Card,
1868,CUST0250,2026-07-08,107.8,,NORTH,PayPal,
417,CUST0066,06/13/2025,136.3, In-Store,South,PayPal,
1552,CUST0208,2025/08/14,59.06,In-Store,North,Debit Card,
2431,CUST0334,08/28/2023,100.94,Online,South,Credit Card,
2680,CUST0365,08 Oct 2023,121.61, In-Store,South,Credit Card,
2092,CUST0287,2024/08/07,112.26,ONLINE,WEST ,PayPal,
1722,CUST0228,06/15/2026,140.48,online,west,Credit Card,
2082,CUST0287,05/12/2024,103.13,Online ,west,Credit Card,
2953,CUST0394,12/01/2023,110.04,In-Store,North,PayPal,
1900,CUST0254,12 May 2023,139.67,Online,North,Credit Card,
1993,CUST0274,2020-10-09,118.72,In-Store,,Debit Card,
1458,CUST0196,06/26/2022,102.45,In-Store,South,Cash,
2180,CUST0298,2021-10-07,142.35,Online,East,Debit Card,
2600,CUST0356,13-07-2021,91.19,In-Store,East,PayPal,
43,CUST0007,2022/10/05,63.6,Online,North,Debit Card,
3218,CUST0430,08 Dec 2024,-155.86, Online,South,Debit Card,
2912,CUST0390,2024-12-23,121.14,Online,North,PayPal,
440,CUST0071,07/11/2022,122.32,Online,North,Cash,
362,CUST0057,2020/10/06,108.52,Online,South,Credit Card,
3247,CUST0436,2025-12-04,86.64,In-Store,NORTH,Credit Card,
2443,CUST0336,2024/11/20,147.43,Online,North,Debit Card,
3294,CUST0441,29-05-2025,163.14, Online,East,Debit Card,
730,CUST0109,2025-03-15,$163.29,In-Store,East,Credit Card,
1254,CUST0175,2025-06-12,135.49,Instore,North,Credit Card,
2051,CUST0279,06 Jan 2025,90.06,In-Store,North,PayPal,
1602,CUST0215,01/02/2026,171.86,Online,SOUTH,Credit Card,
950,CUST0135,2025/10/31,163.94,online,North,Credit Card,
2922,CUST0391,2026-07-26,154.35,Instore,West,Credit Card,
268,CUST0042,18 May 2026,$135.79,In-Store,South,Credit Card,
2236,CUST0308,27 May 2023,60.39,Online,East,Cash,
3106,CUST0416,2024-01-05,88.99,In-Store,NORTH,Cash,
114,CUST0018,2024/12/18,139.19,Instore,West,PayPal,
2249,CUST0311,06/30/2026,151.71,IN-STORE,West,Credit Card,
327,cust0052,2025/06/12,117.51,Online,NORTH,Cash,
1347,CUST0183,2021-10-28,116.96,In-Store,West,Credit Card,
865,CUST0127,16 Jan 2026,63.59,Online,South,Debit Card,
1933,CUST0265,21-03-2025,72.7,In-Store,South,Debit Card,
2758,CUST0372,12/26/2025,135.69,Online,South,PayPal,
808,CUST0117,05/15/2024,101.84,in-store,south,Debit Card,
3229,CUST0431,23-11-2023,152.55,In-Store,North,PayPal,
1640,CUST0219,29 Jul 2024,78.12,In-Store,east,Credit Card,
1375,CUST0186,28 Sep 2021,86.65,Online,north,Debit Card,
3595,CUST0479,14 Aug 2023,66.55,In-Store,East,Debit Card,
283,CUST0045,2023/09/20,213.68,Online,West,Credit Card,
2866,CUST0386,2023/01/26,204.0,Online ,East,Credit Card,
3314,CUST0442,27 Sep 2025,198.06,Online,South,Debit Card,
429,CUST0068,08-02-2025,143.88,Online,East,Debit Card,
2350,CUST0324,18-01-2026,120.31,in-store,SOUTH,PayPal,
2354,CUST0324,2024-06-13,108.1,In-Store,South,Debit Card,
1582,CUST0212,25-12-2025,123.03,online,South,Credit Card,
514,CUST0083,08/21/2025,94.16,In-Store,North,Debit Card,
2398, CUST0332,07/28/2026,145.39,Online,North,PayPal,
1107,CUST0157,12-02-2026,-163.34,,south,Debit Card,
585,CUST0093,2024-01-01,$103.46,IN-STORE,East,Credit Card,
1806,CUST0238,2023-07-18,181.86,Online,North,PayPal,
2863,CUST0385,2024/04/26,80.07,In-Store,West,Credit Card,
2415,CUST0333,2025/06/16,134.77,In-Store,East,Cash,
606, CUST0095,21 Jan 2022,112.85,Online,South,Debit Card,
1588,CUST0213,25-03-2025,61.79,ONLINE,South,PayPal,
1302,CUST0179,2021-10-23,144.68,In-Store,West,Credit Card,
3503,CUST0466,2024-01-25,146.74,Online,North,Credit Card,
1499,CUST0200,2021/11/22,133.43,Online,East,Credit Card,
1394,CUST0187,2025-06-01,160.27,Online ,East,Credit Card,
1579,CUST0212,03/01/2026,185.16,Online,South,Credit Card,B
982,CUST0140,2024-04-13,78.82,In-Store,East,Cash,
2436,CUST0334,05/27/2022,116.41,ONLINE,South,Cash,
842,CUST0124,2024-06-22,145.48,In-Store,East,Debit Card,
389,CUST0062,04 Dec 2024,166.98,in-store,South,Debit Card,
871,CUST0129,21-02-2025,112.32,In-Store,West,Debit Card,
1509,CUST0202,2025/12/30,166.07,Online,West,Debit Card,
747,CUST0110,20-08-2023,116.56,Online,North,Credit Card,
2396,CUST0332,2025/01/05,218.74,Instore,North,Credit Card,
2200,CUST0303,2024/12/21,-60.35,ONLINE,South,Credit Card,
410,CUST0066,09/29/2025,155.1, Online,South,Debit Card,
607,CUST0095,03 May 2021,17.55,Online,South,PayPal,
1496,CUST0200,08/23/2021,61.76,Online,East,Credit Card,
3560,CUST0475,2024/08/06,,In-Store,East,Cash,
2088,CUST0287,2023/07/23,6259.54,Online,West,Cash,
3058,CUST0410,2025/06/20,109.09,Online,East,Debit Card,
1682,CUST0224,2026/05/27,121.74,,North,PayPal,
1150,CUST0161,2024/11/23,33.24,In-Store,East,Cash,
633,CUST0097,07 Oct 2021,76.35,Online,North,Credit Card,
3513,CUST0468,08/06/2024,61.62,In-Store,West,PayPal,
1040,CUST0148,2025/08/25,95.96,In-Store,West,Debit Card,
3482,CUST0464,12 Jan 2024,90.72,In-Store,North,PayPal,
2703,CUST0366,30-11-2025,198.29, Online,west,Credit Card,
2574,CUST0353,2025/01/17,183.7,In-Store,west,Credit Card,
1224,CUST0172,2025-02-16,78.23,Online,south,Cash,
580,CUST0092,17 Mar 2025,113.83,IN-STORE,West,Debit Card,
2855,CUST0384,06 Mar 2020,52.75, In-Store,West,Credit Card,
1162,CUST0163,05-04-2026,171.66, Online,North,Credit Card,B
1104,CUST0157,05/08/2026,99.77,IN-STORE,South,Debit Card,
81,CUST0010,08 Sep 2022,62.33,In-Store,South,PayPal,
674,CUST0103,2026-07-21,unknown,Online,North,Debit Card,
1384,CUST0186,11/23/2023,153.85,Online,North,Credit Card,
985,cust0141,02-06-2026,96.5,Online,West,Credit Card,
3,CUST0001,2026/05/21,82.88,Online,North,Credit Card,
1758,CUST0232,09-05-2024,156.84,Online,West,Credit Card,
2653,CUST0362,16 Dec 2023,149.41,In-Store,South,Credit Card,
298,CUST0047,2023/06/25,$104.08,In-Store,South,Cash,
1998, CUST0274,26-12-2023,77.51,In-Store,East,Credit Card,
1410,CUST0189,25-04-2022,160.94,Online ,West,Debit Card,
975,CUST0139,01-09-2025,100.55,In-Store,West,Credit Card,
1779,CUST0236,2025-11-16,123.96,online,North,PayPal,
1992,CUST0274,2023/05/22,58.96,,East,PayPal,
2630,CUST0360,22-12-2025,82.22,In-Store,South,PayPal,
2896,CUST0387,2026-06-28,145.07,In-Store,,PayPal,
1432,CUST0194,2022-10-15,171.51,In-Store,South,Credit Card,
3344,CUST0444,08/19/2025,39.64,In-Store,East,Credit Card,
3270,CUST0439,2024/05/16,135.76,Online,North,Credit Card,
145,CUST0022,24-05-2025,82.26, In-Store,South,Credit Card,
251,CUST0037,2025-11-22,177.19,In-Store,East,PayPal,
1304,CUST0180,02 Feb 2026,143.56,Online,West,Debit Card,A
997,CUST0144,09/07/2021,N/A, In-Store,South,Cash,
248,CUST0037,2025/12/01,171.6,Online,East,Debit Card,
3389,CUST0453,2022/07/19,103.72,In-Store,east,PayPal,
2884,CUST0387 ,09 Nov 2022,83.1,in-store,south,Credit Card,
3217,CUST0430,2024-12-03,185.21,Online,South,Credit Card,
3380,CUST0453,15 Jul 2024,156.32,Online, East,Cash,
1511,CUST0203,2026-04-29,128.1,In-Store,west,Credit Card,B
1904,CUST0255,11/06/2023,180.39,Online,east,PayPal,
2027,CUST0277,2026/01/24,,In-Store,south,PayPal,
1530,CUST0206,2022-04-04,183.69,Online,North,Credit Card,
1725,CUST0228,2023/04/11,154.94, In-Store,West,Debit Card,
1372,CUST0185,2023-12-17,59.63,Online,West,PayPal,
74,CUST0010,26 Mar 2022,113.14,In-Store,South,Credit Card,
2607,CUST0356,16 Jan 2023,120.88,In-Store,East,Credit Card,
2218,CUST0305,29-11-2023,69.68,Online,west,Debit Card,
833,CUST0121,2024-08-16,197.29,online,North,Credit Card,
93,CUST0013,18-08-2023,85.66,In-Store,West,Debit Card,
3210,CUST0429,2024-02-09,145.08, Online,South,Credit Card,
2911,CUST0390,07/28/2023,143.77,online,north,Debit Card,
385,CUST0061,2026-06-15,167.08,In-Store,North,Debit Card,
1794,CUST0237,2021-10-14,69.15,In-Store,north,PayPal,
1402,CUST0187,19-11-2023,80.68, Online,East,Debit Card,
899,CUST0131,15 Nov 2023,104.48,Online,East,Debit Card,
765,CUST0113,2023/03/04,99.36,In-Store,South,Credit Card,
454,CUST0074,02/09/2026,197.36, Online,South,Debit Card,B
128,CUST0019,2023/03/26,133.97,Instore,South,Credit Card,
2291,CUST0315,31-08-2024,133.28,Instore,North,Credit Card,
3547,CUST0474,15 Jun 2024,101.06,Online,East,Credit Card,
2505,CUST0343,03/03/2026,183.74,Online,South,Credit Card,B
960,CUST0136,2025/03/08,143.02,in-store,North,PayPal,
2320,CUST0321,2024-03-22,101.89,In-Store,WEST ,Credit Card,
3136,CUST0420 ,2023-07-03,128.22,online,SOUTH,PayPal,
1601,CUST0215,07/04/2024,37.21,ONLINE,South,Credit Card,
714,CUST0108,05/06/2024,127.26, In-Store,West,PayPal,
3172,CUST0425,01/14/2023,$89.96,In-Store,SOUTH,Credit Card,
1188,CUST0166,2023/07/13,,Online ,WEST ,Debit Card,
2374,CUST0327,2026/04/11,191.43,Online ,North,PayPal,B
861,CUST0127,2025/03/30,106.02, Online,South,PayPal,
2684,CUST0365,13-07-2022,107.09,IN-STORE,South,Debit Card,
916,CUST0132,2025-03-12,168.6,In-Store,South,Credit Card,
2322,CUST0322 ,01/17/2024,107.48,Online,West,Credit Card,
309,CUST0049,2025/07/18,94.2,In-Store,West,Cash,
918,CUST0132,2025/12/26,111.47,In-Store,South,Debit Card,
483,CUST0078,03-02-2024,131.49, Online, East,Cash,
1996,CUST0274,00/00/0000,135.24,In-Store,East,Cash,
2516,CUST0346,12/27/2024,83.56,Online,North,Credit Card,
1939,CUST0265,09-09-2024,127.34,Online,SOUTH,Debit Card,
3041,CUST0407,26-08-2024,128.84,In-Store,North,Credit Card,
240,CUST0037,10/11/2025,137.88, Online,East,Cash,
555,CUST0088,2021/08/01,77.69,In-Store,West,Cash,
598,CUST0094,06/14/2022,113.26,Online,North,Credit Card,
2151,CUST0294,26 Mar 2023,112.19,Online,east,PayPal,
643,CUST0098,01/29/2023,97.59,In-Store,East,PayPal,
1073,CUST0151,2026/03/16,173.65,In-Store,east,Debit Card,B
2100,CUST0288,03-10-2025,151.44,Online,North,Credit Card,
1205,CUST0170,2026-02-12,167.51,online,East,Credit Card,A
1102,CUST0156,10/14/2025,128.39,Instore,West,Credit Card,
2316,CUST0320,19-02-2023,156.97,Online,South,Credit Card,
478,CUST0076,2021/04/13,116.52,Online,South,Debit Card,
1536,CUST0206,26-11-2022,64.55,Online,NORTH,Credit Card,
45,CUST0007,2025/01/21,111.52,Online,North,Debit Card,
192,CUST0030,2026-07-26,72.44, Online,South,Credit Card,
2696,CUST0366,2023-03-26,54.77,Online,West,Debit Card,
2395,CUST0332,05/24/2023,101.67,In-Store,North,Credit Card,
2873,CUST0386,04-12-2023,143.08,Online,east,Credit Card,
3359,CUST0445,19 Nov 2025,104.13,In-Store,West,Debit Card,
3494,CUST0465,14 Aug 2024,118.5,In-Store,North,Credit Card,
3300,CUST0441,2025/05/12,155.44,online,East,Credit Card,
2781,CUST0375,04/18/2023,144.65,ONLINE,south,Debit Card,
2788,CUST0377,2023-06-05,118.04,In-Store,East,PayPal,
2306,CUST0318,02 Mar 2024,201.63,Online,East,PayPal,
994,CUST0144,2025/12/15,77.92, In-Store,South,Credit Card,
990,CUST0143,02-03-2026,178.95,In-Store,North,Credit Card,B
3169,CUST0424,13-05-2025,179.29,Online,West,Credit Card,
2784,CUST0376,2026/07/26,212.96,In-Store,WEST ,Debit Card,
3029,CUST0406,26-12-2021,,Online,,Debit Card,
1299,CUST0179,2023-09-30,70.68,Instore,West,Debit Card,
2077,CUST0285,2025/06/13,92.5,ONLINE,South,Debit Card,
2707,CUST0366,25-07-2022,141.07,ONLINE,West,Credit Card,
2405,CUST0332 ,2023/09/08,74.25,ONLINE,North,Credit Card,
1145,CUST0160,2023-06-03,157.66,Instore,North,PayPal,
3093,CUST0415,14-08-2024,144.16,Instore,East,Debit Card,
2071,CUST0283,04/29/2026,112.02, Online,North,Debit Card,B
1692,CUST0226,12/21/2024,97.24,In-Store, North,,
97,CUST0014,17 Mar 2025,170.27,In-Store,North,PayPal,
1903,CUST0254,20 Feb 2026,101.43,In-Store,North,Credit Card,A
2728,CUST0368,20 Dec 2024,90.97,Online,East,Debit Card,
2599,CUST0356,19 Dec 2021,154.89, Online,East,PayPal,
3587,CUST0478,2022-06-29,122.29,ONLINE,East,Credit Card,
2304,CUST0318,2023-12-04,226.98, Online,East,Credit Card,
23,CUST0004,2022/08/09,144.15,In-Store,north,Debit Card,
2652,CUST0362,29-10-2022,208.14,Online,South,Credit Card,
1520,CUST0205,21 Nov 2025,72.23,In-Store,SOUTH,PayPal,
249, CUST0037,05/18/2024,155.46,Online, East,PayPal,
2110,CUST0289,2025/02/11,86.55,In-Store,West,Credit Card,
1650,CUST0220,2025/05/03,110.05,Online,SOUTH,Debit Card,
1696,CUST0226,10-10-2023,111.26,In-Store,North,Cash,
2330,CUST0322,04-03-2023,68.16,In-Store,West,Credit Card,
2640, CUST0361,2024-02-28,197.2,IN-STORE,West,PayPal,
133,CUST0020,2022-05-13,107.94,In-Store,South,Debit Card,
1337,CUST0183,11/11/2023,63.68,Online,West,PayPal,
1839,CUST0241,30 Apr 2026,220.73,In-Store,West,Credit Card,B
272,CUST0044,23 Nov 2023,150.73,Online,east,PayPal,
3022,CUST0406,01/21/2022,56.49,In-Store,North,Credit Card,
250,CUST0037,2021/08/07,59.23,In-Store,East,PayPal,
3355,CUST0445,06-04-2022,44.19,in-store,west,Credit Card,
1341,CUST0183,2025-07-20,206.01,Online ,WEST ,Credit Card,
1130,CUST0159,30-03-2023,55.62,Online,North,Cash,
3386,CUST0453,2024/12/07,144.57,In-Store,East,Debit Card,
711,CUST0107,27-11-2024,175.61, Online,South,Credit Card,
835,CUST0121,11/13/2025,110.82,in-store,North,Credit Card,
3038,CUST0407 ,2025/04/21,115.98,in-store,North,Credit Card,
2829,CUST0382,2022-08-30,69.4,In-Store,South,,
2223,CUST0306,15-07-2026,127.5, Online,West,Cash,
1808,CUST0238,2024-09-06,155.04,Online,North,Debit Card,
609,CUST0095,2022/06/13,76.12,Online,South,PayPal,
1716,CUST0227,06/30/2026,147.84,Online,North,Debit Card,
3383,CUST0453,12/02/2024,130.34,Instore,East,Credit Card,
2364, CUST0326,2021-10-25,115.69,Online,WEST ,Credit Card,
505,CUST0081,2026/02/25,167.57,In-Store,East,Credit Card,A
1027,CUST0147,23-10-2023,163.14,In-Store,East,PayPal,
2985,CUST0399,25 Oct 2024,117.15, In-Store,East,Debit Card,
1809,CUST0238,02/23/2025,131.62,Online,North,Credit Card,
2995,CUST0403,11/30/2024,94.87,In-Store,East,Debit Card,
1472,CUST0198,2026-05-01,97.99,Online,West,Credit Card,
1023,CUST0147,21 Dec 2023,104.53,Online,east,Credit Card,
2185,CUST0298,2026/03/30,N/A,Online,east,Credit Card,B
266,CUST0041,04/19/2024,134.37,Online ,West,Debit Card,
1227,CUST0172,10/23/2022,81.02,Online,South,PayPal,
954,CUST0135,31 May 2023,97.61,Online ,North,PayPal,
3393,CUST0454,06/21/2021,6.46,In-Store,North,Credit Card,
1910,CUST0257,2026-05-24,-109.07,Instore,East,Credit Card,
1248,CUST0174,2020/04/15,99.35,Online,South,Credit Card,
3308,CUST0441,2025-10-16,180.98,Online,East,Credit Card,
679,CUST0104,07/25/2025,157.66,Online ,South,Cash,
2977,CUST0398,29 Dec 2022,38.31,In-Store,East,Cash,
275,CUST0044,05/01/2026,142.02,Online,East,Debit Card,
2049,CUST0279,18-08-2024,85.0,In-Store,NORTH,PayPal,
887,CUST0130,2024-12-05,144.31,Online,north,Cash,
233,CUST0036,09-02-2025,125.32,In-Store,North,Credit Card,
614,CUST0096,2026-01-27,99.92,In-Store,West,PayPal,
1860,CUST0248,07/23/2026,130.33,In-Store, North,Credit Card,
874,CUST0129,08/11/2023,,Online,West,PayPal,
3140,CUST0421,2024-10-02,160.05,Online,east,PayPal,
1637,CUST0219,12/14/2024,175.95,Online,East,Credit Card,
2461,CUST0338,06/22/2026,150.54,In-Store,North,Credit Card,
881,CUST0130,18-10-2020,34.19,In-Store,North,Credit Card,
3174,CUST0425,07 Mar 2020,42.76,In-Store,South,Debit Card,
648,CUST0099,02-01-2023,76.68,in-store,North,Debit Card,
1264,CUST0175,29 Apr 2022,94.05,in-store,north,Debit Card,
3292,CUST0440,02/02/2025,151.78,In-Store,north,PayPal,
37,CUST0006,19-01-2025,144.4,Online,North,Debit Card,
1671,CUST0223,02 May 2024,148.36,In-Store,East,Credit Card,
1658,CUST0221,2023/02/04,161.8,Online,East,Credit Card,
1937,CUST0265,07/26/2025,114.31,In-Store,South,Credit Card,
1861,CUST0249,02/25/2026,N/A,In-Store,North,Debit Card,B
202,CUST0031,06-07-2026,120.05,Online ,East,Credit Card,
3168,CUST0424,2025/11/13,132.28,Online,West,Debit Card,
31,CUST0006,2023/12/19,4502.24,Online,North,Credit Card,
823,CUST0118,16 Apr 2024,52.75,Online,NORTH,Credit Card,
938,CUST0134,31-03-2024,108.53,Online,East,Debit Card,
904,CUST0131,07 Feb 2022,80.04,In-Store,East,Credit Card,
2743,CUST0369,08-04-2022,53.28,in-store,South,Cash,
3256, CUST0438,08-11-2025,189.06,Online,South,Credit Card,
2018,CUST0276,04-07-2021,78.26,In-Store,West,Credit Card,
3522,CUST0469,29 Oct 2025,,Online,South,PayPal,
2267,CUST0312,08/11/2025,157.34,Online,West,Debit Card,
1673,CUST0223,2023/06/30,,Instore,East,Debit Card,
1414,CUST0189,2024/04/08,147.24,Online,West,Cash,
1628,CUST0218,04/19/2026,86.73,Online,North,PayPal,
3054,CUST0409,30-05-2024,44.65,Online,north,PayPal,
2375,CUST0327,29 Sep 2025,181.7,In-Store,North,Debit Card,
1612,CUST0217,08/04/2024,135.61,in-store,West,Cash,
1272,CUST0177,2023-10-10,120.45,In-Store,South,Credit Card,
1278,CUST0178,05-05-2024,168.29, Online, North,PayPal,
2302,CUST0317,2026/03/24,92.34,ONLINE,South,PayPal,
1866,CUST0250,23-06-2026,230.19,Instore,North,Credit Card,
628,CUST0097,23 Jun 2025,86.5, Online,North,PayPal,
531,CUST0084 ,06/04/2024,-83.17,In-Store,East,Debit Card,
2468,CUST0339,07-07-2025,80.01,Instore,South,Credit Card,
374,CUST0058,2026/04/16,136.99,In-Store,West,Debit Card,B
845,CUST0124,2025/07/10,94.23,In-Store,East,Debit Card,
227, CUST0035,2024/07/07,96.15,ONLINE,East,Debit Card,
194,CUST0030,25-09-2021,170.48,online,South,Credit Card,
2722,CUST0368,10/25/2021,103.21,ONLINE,East,Cash,
1012,CUST0146,25 May 2021,140.92,Online,South,Credit Card,
3483,CUST0464,01/31/2025,72.52,In-Store,North,Debit Card,
1029,CUST0147,2023-08-14,83.77,Online,East,Credit Card,
2965,CUST0396,12/06/2025,139.54,Online,east,Credit Card,
3376,CUST0450,10-01-2026,117.92,online,West,Debit Card,
1603,CUST0215,23-12-2024,152.43,Online,South,Credit Card,
2704,CUST0366,2023-05-11,120.0,In-Store,West,Debit Card,
185,CUST0029,08/28/2020,134.11,Online,East,PayPal,
728,CUST0109,22-12-2025,102.01,Online,east,PayPal,
2658,CUST0362,2024/05/02,220.63,Online ,South,Debit Card,
2546,CUST0349,2022-02-21,110.93,In-Store,South,Cash,
2836,CUST0382,02 Jul 2024,65.74,ONLINE,South,Credit Card,
2548,CUST0350,07-02-2025,-123.24,In-Store,East,PayPal,
230, CUST0035,2021-08-15,45.61,In-Store,East,Credit Card,
167,CUST0027,2025/02/01,120.11,Online,East,Debit Card,
2657,CUST0362,2024/02/15,64.24,In-Store,SOUTH,Debit Card,
2367,CUST0326,2022-06-25,111.7,In-Store,West,Credit Card,
1111,CUST0158,22 Jan 2026,$116.21, In-Store, East,PayPal,
2491,CUST0341,27-07-2023,$157.21,In-Store,North,Credit Card,
2972,CUST0397,2025/07/11,$187.73,Online,North,Debit Card,
1533,CUST0206,29-03-2025,116.57,Online,NORTH,Debit Card,
1997,CUST0274,06-11-2024,89.21,Online,East,Debit Card,
2529,CUST0347,2023/11/17,90.0,Online,East,Debit Card,
3552,CUST0474,2025-08-16,153.5,In-Store,East,Debit Card,
189,CUST0030,2024-02-23,$138.08,Online,South,PayPal,
404,CUST0065,27 Nov 2024,108.99, In-Store,East,Credit Card,
2499,CUST0342,2021-08-12,111.91,In-Store,North,Credit Card,
1951,CUST0267,2025-06-08,116.34,In-Store, East,Credit Card,
1257,CUST0175,16 Jan 2023,67.64,in-store,North,Credit Card,
2073,CUST0283,2024/01/08,133.01, Online,North,Credit Card,
153,CUST0023,2026-06-18,122.3,online,North,Debit Card,
816,CUST0117,04/21/2022,27.43, In-Store,South,Debit Card,
2237,CUST0308,08 Jul 2023,113.98,ONLINE,East,Credit Card,
1488,CUST0200,05/20/2025,146.37,Online,East,Debit Card,
893,CUST0130,2025-09-20,230.55,Online, North,Debit Card,
1644,CUST0220,08/29/2024,$62.93, In-Store,South,Credit Card,
1094,CUST0155,28-02-2026,150.61,Online,West,Cash,A
2526,CUST0347,09/15/2025,174.85, In-Store,east,Credit Card,
735,CUST0110 ,24-07-2026,92.02,,north,Debit Card,
1561,CUST0209,2025-12-30,174.18,Online,East,Credit Card,
2268,CUST0312,23-08-2022,62.9, Online,,PayPal,
927,CUST0133,18 Mar 2024,$93.34,IN-STORE,North,Credit Card,
843,CUST0124,11-08-2024,136.55,Online,East,Debit Card,
367,CUST0057,12/13/2020,49.02,In-Store,South,Credit Card,
71,CUST0009,16 Oct 2025,171.13,Online,North,Credit Card,
2825,CUST0382,2023/10/01,93.17,Online,South,Debit Card,
1033,CUST0148,2025/12/07,149.8,online,West,Debit Card,
2506,CUST0343,18 Aug 2025,144.53,Online,SOUTH,Debit Card,
2517,CUST0346,07/27/2025,108.28,In-Store,North,Credit Card,
2615,CUST0358,2026-04-14,194.31,IN-STORE,North,Cash,A
1800,CUST0237,20-05-2023,89.82,In-Store,North,Cash,
209,CUST0033,2024/05/08,124.83, In-Store,West,Debit Card,
397,CUST0064,2026-07-24,142.68,in-store,South,PayPal,
1970,CUST0270,03-11-2021,$83.26,In-Store,West,Credit Card,
721,CUST0108,2024/05/04,133.65,in-store,West,Credit Card,
1859,CUST0247,05-06-2026,81.67,Instore,east,PayPal,
1387,CUST0186,25 Nov 2022,179.33, In-Store,North,PayPal,
3098,CUST0415,10/11/2023,unknown,Online,East,PayPal,
2964,CUST0395,04-08-2023,69.89,online,South,Credit Card,
3340,CUST0444,25 Jan 2025,146.17,In-Store, East,Debit Card,
3099,CUST0415,30 Oct 2024,147.59,Online,East,Credit Card,
2659,CUST0362,20 Mar 2022,90.22,In-Store,South,Credit Card,
2409,CUST0332,11 Jan 2022,36.06,in-store,North,Credit Card,
2543,CUST0349,01/24/2025,143.74,Online,SOUTH,Credit Card,
59,CUST0008,2022/04/17,89.35,ONLINE, East,Credit Card,
288,CUST0046,12-02-2026,129.8,Online ,South,Credit Card,B
826,CUST0118,2023/08/20,90.65,In-Store,north,Credit Card,
222,CUST0034,2025-04-28,54.6,Online,East,Credit Card,
1350,CUST0184,10/22/2024,159.41,in-store,south,PayPal,
3476,CUST0462,2026/02/25,140.53,online,north,Debit Card,A
2779,CUST0375,2025/12/16,44.0,In-Store,South,Credit Card,
1513,CUST0203,06-03-2026,104.67,In-Store,West,Debit Card,A
2278,CUST0313,07/28/2023,203.54,In-Store,North,Credit Card,
2634,CUST0360,2023/12/24,154.81,In-Store,south,Debit Card,
3258,CUST0438,21-03-2024,124.78,Online,South,Cash,
3539,CUST0472,2026-06-19,84.49,in-store,East,PayPal,
356,CUST0056,2026-06-18,143.11,,South,Credit Card,
3177,CUST0425,2022-11-07,182.99,In-Store,South,Credit Card,
1229,CUST0172,2026/06/04,174.56,Online,SOUTH,Credit Card,
3265,CUST0438,11/29/2025,90.4,Online,South,Debit Card,
3240,CUST0434,2024/09/28,61.01,In-Store,North,Debit Card,
2220,CUST0306 ,2024-04-01,103.8,ONLINE,West,Debit Card,
1135,CUST0160,06 Jun 2022,151.99, Online,North,Debit Card,
2168,CUST0297,2021/05/17,140.46,Instore,North,Debit Card,
2473,CUST0339,2022/04/29,92.17,Online ,South,Debit Card,
2857,CUST0384,08-05-2020,112.69,in-store,West,Debit Card,
2507,CUST0343,12/22/2024,142.53,Online,South,Debit Card,
2428,CUST0334,2023/02/12,125.68,Online ,south,,
1578,CUST0212,06/12/2023,107.66,Online,South,Debit Card,
3573,CUST0477,19 Sep 2025,175.0,Online,West,Credit Card,
491,CUST0079,2022/04/15,$72.37,,North,Cash,
668,CUST0102,11 Jun 2026,133.58,In-Store,West,Debit Card,
2114,CUST0289,01/18/2025,-109.05,In-Store,West,Debit Card,
67,CUST0009,2025/01/07,136.07,online, North,Debit Card,
392,CUST0062,02/10/2025,158.12,In-Store,South,Debit Card,
2850,CUST0384,2022/12/10,127.82,In-Store,West,,
2893,CUST0387,06/07/2021,5.0,in-store,SOUTH,Debit Card,
296,CUST0047,2024-12-20,135.67,In-Store,South,Debit Card,
1554,CUST0209,09 Mar 2026,186.21,Online,East,Debit Card,A
2605,CUST0356,2021/07/21,142.14,Online ,East,Debit Card,
169,CUST0027,06 Aug 2023,118.09,Online, East,Cash,
1660,CUST0222,03/05/2022,99.51,In-Store,North,PayPal,
2239,CUST0309,2026-02-10,164.28,In-Store,East,PayPal,A
3462,CUST0461,15-09-2021,-89.86,IN-STORE,SOUTH,Credit Card,
305,CUST0048,2025/09/11,162.9,In-Store,East,PayPal,
2865,CUST0385,13 Oct 2024,121.36,Online,West,Credit Card,
1623,CUST0218,2026-04-02,138.37,In-Store,North,Credit Card,B
3230,CUST0432,2025-09-13,130.69,In-Store,West,Credit Card,
2485,CUST0341,17-11-2025,135.51,Online,North,Debit Card,
1981,CUST0273,2026/01/31,244.85,Online,South,Credit Card,
2487,CUST0341,03/26/2025,49.76,IN-STORE,NORTH,Debit Card,
543,CUST0085,02 Dec 2024,164.16,Online,WEST ,Credit Card,
204,CUST0032,2024-10-03,124.69,Online,South,Debit Card,
2273,CUST0313,17 Apr 2023,78.63, In-Store,North,PayPal,
672,CUST0102,2023/01/03,138.65,In-Store,West,PayPal,
2420,CUST0333,2025/06/27,83.93,In-Store,East,Credit Card,
3558,CUST0475,10/06/2025,163.75,Online, East,Credit Card,
3439,CUST0459 ,01 Mar 2024,$162.54,in-store,West,PayPal,
2266,CUST0312,09/17/2024,96.62,in-store,West,Cash,
1239,CUST0173 ,09-11-2022,125.11,online,North,Credit Card,
2065,CUST0281,11-07-2025,188.05,In-Store,East,Cash,
726,CUST0108,2025/11/08,135.07,Online,West,Cash,
1334,CUST0183,2022/04/26,72.16,Online,West,Credit Card,
732,CUST0109,26-10-2024,134.12,Online,East,Debit Card,
2955,CUST0395,24-06-2024,115.4,Online,SOUTH,Credit Card,
83,CUST0010,17-12-2021,112.58,In-Store,South,PayPal,
473,CUST0076,30 May 2023,139.19,In-Store,South,Debit Card,
3053,CUST0409,08-12-2024,176.54,Online,North,Credit Card,
1766,CUST0234,2026-02-05,95.3,Online,North,Credit Card,A
2691,CUST0365,03 Jun 2023,79.24, Online,south,Debit Card,
1800,CUST0237,2023-05-20,89.82,In-Store,North,Cash,
2276,CUST0313,01/18/2026,175.44,In-Store,North,PayPal,
365,CUST0057,2020-09-26,160.68,in-store,South,PayPal,
2633,CUST0360,20-09-2024,128.36,In-Store,SOUTH,Credit Card,
3372,CUST0447,06/19/2026,158.16, In-Store,North,Debit Card,
2669,CUST0364,10/27/2021,106.27,ONLINE,South,Credit Card,
2283,CUST0315,03-10-2023,78.57,Online, North,PayPal,
1624,CUST0218,2024/08/12,106.81,Instore,North,PayPal,
968,CUST0136,28-04-2023,122.7,Online,North,Debit Card,
2093,CUST0288,08 Sep 2022,2534.99,Instore,North,Credit Card,
3391,CUST0454,2020/11/08,106.76,Online,North,Credit Card,
2147,CUST0294,2022/08/05,98.61,IN-STORE,East,Credit Card,
2655,CUST0362,2024-09-07,93.51,IN-STORE,South,Credit Card,
3158,CUST0423,16 May 2024,132.89,Online,North,PayPal,
501,CUST0080,15-07-2026,107.33,Online,West,PayPal,
2331,CUST0323,2021-07-07,46.31,In-Store,North,,
2272,CUST0313,2022/11/13,56.01,Online ,North,PayPal,
2269,CUST0312,05 Apr 2021,180.17,ONLINE,WEST ,Credit Card,
3071, CUST0412,19-10-2024,98.0,In-Store,North,Credit Card,
1573,CUST0212,18-03-2024,117.48,Online,South,Credit Card,
2314,CUST0318,2022/07/15,128.26,online,East,Debit Card,
872,CUST0129,08/31/2024,120.47,Online,West,Debit Card,
2518,CUST0347,20-11-2025,162.08,Online, East,PayPal,
1836,CUST0241,02 Mar 2026,107.61,Online,WEST ,Credit Card,B
1693,CUST0226,03/04/2022,84.86,IN-STORE,North,Debit Card,
1486, CUST0200,2025/04/10,164.22,In-Store,East,PayPal,
2265,CUST0312,04 Feb 2023,123.77,In-Store,WEST ,Credit Card,
3185,CUST0427,2023/11/14,130.26,ONLINE,North,Credit Card,
1434,CUST0194,06/10/2022,79.37,In-Store,South,Credit Card,
1429,CUST0191,2024-04-16,62.16,In-Store,West,PayPal,
2824,CUST0382,2025-07-04,181.38,Online,South,Credit Card,
701,CUST0106,01/14/2023,110.58,In-Store,South,Debit Card,
299,CUST0048,20-11-2025,118.69,Online ,East,Cash,
1575,CUST0212,02-01-2025,43.88,In-Store,SOUTH,Credit Card,
1091,CUST0154,14-11-2025,143.91,Online,South,Debit Card,
902,CUST0131,2024/09/30,96.92,Online,East,Credit Card,
26,CUST0004,2022-12-27,169.2,In-Store,North,Credit Card,
294,CUST0047,13 Sep 2024,160.86,Online,south,Debit Card,
1715,CUST0227,04/07/2025,158.22,Online,North,Debit Card,
1830,CUST0240,20-06-2025,193.22,Online,North,Credit Card,
937,CUST0134,2024/08/30,182.79,Online,East,Credit Card,
34,CUST0006,10 Jul 2025,128.95,Online,North,PayPal,
2013,CUST0276,2022/10/13,139.62,in-store,west,Debit Card,
1324,CUST0181,2024/11/22,191.88,Online,West,Debit Card,
1591,CUST0214,09/08/2024,-170.5,Online,NORTH,PayPal,
1863,CUST0250,2024/09/21,132.73,In-Store,North,Cash,
2738,CUST0369,09-08-2022,,In-Store,South,Debit Card,
2582,CUST0354,10-05-2026,153.31,Online,East,Debit Card,
999,CUST0144,2024/05/21,107.42,Online,south,PayPal,
787,CUST0115,2023/04/19,170.74,In-Store,West,Credit Card,
2098,CUST0288,09/07/2023,89.97,ONLINE,North,Credit Card,
320,CUST0051,2026-07-14,145.28,ONLINE,West,Debit Card,
1729,CUST0228,22-12-2021,39.06,online,WEST ,Credit Card,
3603,CUST0480,08/18/2024,$117.52,online,East,Credit Card,
191,CUST0030,2022-04-24,89.15,online,SOUTH,PayPal,
3004,CUST0404,24-05-2022,109.85,In-Store,North,Debit Card,
452,CUST0073,12-08-2024,160.29,Online,East,Debit Card,
2070,CUST0283,2026-05-22,180.58,ONLINE,North,Credit Card,
1473,CUST0198,2021-06-09,51.95,in-store,West,Debit Card,
3583,CUST0478,04/23/2022,76.48,In-Store, East,Debit Card,
77,CUST0010,2025/08/10,113.58,Online ,South,Credit Card,
2513,CUST0346,22-08-2025,-162.59,In-Store,North,Credit Card,
3521,CUST0469,21 Oct 2025,135.49,In-Store,South,Credit Card,
2843,CUST0384,07/14/2021,92.28,In-Store,West,Debit Card,
3234,CUST0432,2026/07/24,100.2,In-Store,West,Credit Card,
3564,CUST0476,2025-02-09,110.76,In-Store,East,Debit Card,
1447,CUST0195,2026-03-04,133.31,online,West,Credit Card,A
1895,CUST0254,14 Apr 2023,145.67, Online,North,Credit Card,
798,CUST0116,20 Jan 2024,89.22,In-Store,South,Cash,
2800,CUST0378,2024-08-24,78.96, In-Store,East,Debit Card,
1846,CUST0244,02/24/2025,-,In-Store,North,Credit Card,
3156,CUST0423,2021-12-19,128.75,Online,North,Debit Card,
3342,CUST0444,2025/05/23,160.79,In-Store,East,PayPal,
2823,CUST0382,08/02/2026,108.07,In-Store,South,Cash,
1663,CUST0222,04/28/2021,90.41,In-Store,North,Credit Card,
2961,CUST0395,06/09/2023,157.71,Online,South,Credit Card,
516,CUST0083,18-12-2025,174.14,Instore,North,PayPal,
3458,CUST0461,07/06/2023,,In-Store,South,Cash,
1689,CUST0225,2025-09-21,134.24,Online,North,Debit Card,
2627,CUST0359,02/28/2025,165.49,Online,West,Credit Card,
3104,CUST0416,2024/10/18,169.91,ONLINE,North,Debit Card,
898,CUST0131,2023/06/12,169.24,Online,east,PayPal,
1133,CUST0160,2026/07/11,128.81, Online,North,,
1620,CUST0218,24-06-2024,65.1,In-Store,North,PayPal,
1267,CUST0176,2026-01-14,154.85,,East,Credit Card,
3402,CUST0454,25-04-2025,105.46,In-Store,North,Credit Card,
335,CUST0053,06 Apr 2025,163.02,Online,North,Debit Card,
1721,CUST0227,01/23/2024,151.18,ONLINE,North,Credit Card,
2769,CUST0374,17-08-2022,143.24,In-Store,north,,
297,CUST0047,2025/08/12,81.61,In-Store,South,Cash,
2467,CUST0338,2025-02-02,157.64,Online ,North,Credit Card,
2888,CUST0387,03/31/2026,155.93,Instore,SOUTH,Credit Card,B
2962,CUST0395,01 Dec 2023,118.26,In-Store,South,Credit Card,
42,CUST0007,13 Oct 2021,76.07,Online,North,Credit Card,
3298,CUST0441,2026-03-22,154.96,Online ,East,Debit Card,B
1507,CUST0201,05/22/2026,89.49,Online,South,Credit Card,
632,CUST0097,03/11/2025,188.97,Online,North,Credit Card,
341,CUST0055,10 May 2022,95.8,Online ,South,Credit Card,
502,CUST0081,2025/06/24,142.16,Online,East,Credit Card,
147,CUST0022,2021/03/10,166.04,Online,South,Credit Card,
2474,CUST0339,15-11-2023,144.61,In-Store,SOUTH,Credit Card,
1788,CUST0237,12/14/2020,73.85,In-Store,North,Debit Card,
2838,CUST0383,2026-05-24,153.14,In-Store,West,Credit Card,
554,CUST0088,14-12-2025,136.76,In-Store,West,Debit Card,
1631,CUST0219,19-05-2026,121.88,IN-STORE,East,Debit Card,
1011,CUST0146,2021/12/16,106.03,Online,South,Credit Card,
3464,CUST0461,2026-05-07,158.48,In-Store,South,Credit Card,
783,CUST0114,15-02-2025,104.45,In-Store,East,Credit Card,
2711,CUST0366,2025-02-01,190.97,Online,West,PayPal,
2309,CUST0318,26 Mar 2026,156.71, Online,East,Credit Card,A
1944,CUST0266,19-07-2025,84.96,ONLINE,East,Debit Card,
2315,CUST0319,01 Aug 2026,144.79, In-Store,South,Credit Card,
3429,CUST0458,15 Jun 2026,152.62,In-Store,East,Cash,
2149,CUST0294,2024/04/04,89.68,Online, East,Debit Card,
900,CUST0131,08-06-2025,163.75,Online,East,Credit Card,
1775,CUST0235,10/09/2025,unknown,Instore,North,Cash,
1153,CUST0161,05/30/2024,101.24,Online,East,PayPal,
2274,CUST0313,2024/09/28,130.89,In-Store,North,Credit Card,
797,CUST0116,2024/12/29,137.74,In-Store,south,Debit Card,
1390,CUST0187,22 Apr 2026,100.89,Online,East,Credit Card,
1396,CUST0187,25 Sep 2022,70.91,Online,East,Credit Card,
1391,CUST0187,07/09/2026,164.96,In-Store,East,Credit Card,
2759,CUST0372,2026/06/10,119.9,Online,South,Debit Card,
912,CUST0131,27 Feb 2022,111.88,Online, East,Credit Card,
2279,CUST0314,25-08-2025,87.85,Instore,East,Cash,
1086,CUST0153,22 Oct 2025,165.08,In-Store,West,Credit Card,
3555,CUST0475,10-04-2025,101.92,In-Store, East,Debit Card,
1132,CUST0159,02 Nov 2021,66.9,Online,NORTH,Cash,
1844,CUST0244,06/06/2026,126.44,Online,North,PayPal,
130,CUST0019,2026/04/05,155.94,In-Store,south,Debit Card,B
2069,CUST0283,2024-08-01,54.4,Online, North,PayPal,
2999,CUST0404,2026-06-26,231.45,Online, North,Credit Card,
2724,CUST0368,29-02-2020,158.94,Online,East,PayPal,
2626,CUST0359,08 Jan 2025,96.0,Online,,PayPal,
1399,CUST0187,2022/03/06,$83.20,Online,East,Debit Card,
1381,CUST0186,08/02/2024,125.62,Online, North,Credit Card,
379,CUST0060,2024-02-17,,Online ,South,,
2916,CUST0390,2024/06/02,176.07,Online,North,Debit Card,
1587,CUST0213,01 May 2025,120.24,online,South,Credit Card,
3456,CUST0461,2022/11/26,81.45,In-Store,South,Cash,
2131,CUST0291,2025/11/27,154.66,Instore, North,Debit Card,
118,CUST0018,11-07-2024,139.52,In-Store,West,Debit Card,
1728,CUST0228,18-01-2024,167.37,In-Store,West,Credit Card,
1877,CUST0252,24 Dec 2023,86.06,In-Store,West,Debit Card,
2243,CUST0310,23-06-2025,117.51,in-store,North,Credit Card,
820,CUST0117,2020-12-25,69.62,Online,South,Credit Card,
2656,CUST0362,2021-08-25,83.36,In-Store,south,Debit Card,
1097,CUST0156,11 Nov 2025,134.5,In-Store,West,Debit Card,
786,CUST0115,10 Sep 2022,172.07,In-Store,WEST ,PayPal,
2209,CUST0304,2025/07/04,158.69,ONLINE,East,Credit Card,
1659,CUST0221,10/18/2022,108.08,Online,East,Debit Card,
2818,CUST0381,2025-11-23,145.6,Online,East,Credit Card,
1610,CUST0217,2025/01/06,137.66,Online,West,Cash,
2665,CUST0363,19 Mar 2026,95.62,In-Store,East,PayPal,A
2511,CUST0346,24-10-2025,113.6,Online ,North,Debit Card,
540,CUST0085,12/24/2025,115.72,Online,West,Credit Card,
1737,CUST0228,2021/06/27,106.09,In-Store,WEST ,Credit Card,
2080,CUST0287,08/23/2023,128.72,Online,West,PayPal,
3299, CUST0441,2023-10-11,139.15,In-Store,East,PayPal,
495,CUST0079 ,2024/08/14,140.15,Instore,North,Debit Card,
1728,CUST0228,18-01-2024,167.37, In-Store,West,Credit Card,
2213,CUST0305,2024-02-10,96.07,,WEST ,Credit Card,
3432,CUST0459,01/14/2021,98.21,ONLINE,west,Debit Card,
2664,CUST0363,22 Nov 2023,112.01,In-Store,East,Credit Card,
2033,CUST0277,28 Oct 2023,82.68,online,South,Debit Card,
1362,CUST0185,04-08-2024,127.38,online,West,Credit Card,
1348,CUST0183,19 Oct 2020,91.96,In-Store,west,Debit Card,
434,CUST0069,2024/10/11,178.98,Online,East,Debit Card,
613,CUST0096,08-04-2022,106.71,In-Store,West,Cash,
295,CUST0047,2026-03-13,172.67, In-Store,South,Credit Card,
399,CUST0065,2021-10-07,$124.24,Instore,East,Cash,
3082,CUST0413,2023-07-20,91.88, In-Store,South,Credit Card,
1152,CUST0161,2026-03-07,166.76,Online,East,Credit Card,B
1550,CUST0208,21-11-2025,163.21, In-Store, North,PayPal,
2061,CUST0280,2025/05/13,108.15,Online,West,Credit Card,
2498,CUST0342,19-09-2021,88.3,In-Store,NORTH,Credit Card,
2343,CUST0323,2025-10-07,171.88,Online,North,Debit Card,
158,CUST0025,2025/06/02,92.49,Online,South,PayPal,
661,CUST0101,2025/10/28,101.2,Online,North,Credit Card,
3193,CUST0428,20 Dec 2025,75.17,Online,West,Cash,
646,CUST0099,2022-08-19,88.76,In-Store, North,Debit Card,
2165,CUST0297,01/16/2026,102.37,In-Store,North,Debit Card,
1211,CUST0171,10/31/2025,128.31,Online ,North,PayPal,
2689,CUST0365,2024-08-06,82.99,in-store,South,Debit Card,
1522,CUST0205,05-07-2026,86.98,In-Store,South,Debit Card,
3570,CUST0477,13 Apr 2023,$143.09,online,west,PayPal,
925,cust0133,02 Oct 2023,95.92,Online, North,Debit Card,
2351,CUST0324,2021/10/18,99.49, In-Store,South,Debit Card,
1558,CUST0209,20-02-2021,87.45,Online,East,PayPal,
3454,CUST0461,11-06-2026,76.91,In-Store,South,Cash,
6,CUST0001,04-10-2023,93.73,In-Store,north,Credit Card,
2373,CUST0326,10/24/2024,130.71,In-Store,West,PayPal,
2598,CUST0356,26-03-2025,103.16,Online,East,Credit Card,
455,CUST0075,12/30/2025,130.8,In-Store,North,Credit Card,
3534,CUST0472,2025/11/29,102.86,In-Store,East,Debit Card,
211,CUST0033,17-07-2025,173.6,In-Store,West,Debit Card,
878,CUST0129,2026/01/15,94.84,ONLINE,West,Cash,
742,CUST0110,2025/06/28,165.41, Online,North,Debit Card,
1007,CUST0146,07 Nov 2022,49.02,In-Store,South,Credit Card,
3269,CUST0439,29 Jan 2026,69.98,Instore,North,PayPal,
1251,CUST0174,23-08-2020,100.4,In-Store,south,Debit Card,
2909,CUST0389,05/28/2025,$115.53,In-Store,West,PayPal,
464,CUST0075,17-06-2023,76.67,Instore, North,Credit Card,
3017,CUST0405,03/10/2023,127.69,In-Store,SOUTH,Debit Card,
1069,CUST0150,06 Jan 2026,165.82,Online,East,Credit Card,
1817,CUST0239,2026/05/12,141.59,in-store,West,Credit Card,
1864,CUST0250,10/17/2025,103.2,IN-STORE,North,Cash,
3016,CUST0405,28-11-2025,109.95,IN-STORE,South,PayPal,
3262,CUST0438,2025/11/29,154.32,Online,South,Debit Card,
1054,CUST0150,11-04-2022,75.9,In-Store,East,Debit Card,
174,CUST0027,25 Feb 2026,$180.48,Online,East,Credit Card,A
364,CUST0057,17-07-2021,86.64,In-Store,south,Debit Card,
3435,CUST0459,2025-06-05,86.79,In-Store,West,Debit Card,
3412,CUST0454,2026-02-14,101.93,Online,North,Debit Card,A
1355,CUST0184,30-10-2024,-,In-Store,South,Cash,
3311,CUST0441,2021-04-25,150.13,in-store,East,Credit Card,
2308,CUST0318,2024/01/27,149.34,Online,East,PayPal,
2752,CUST0370,13 Nov 2024,103.6,Online,West,Cash,
2389,CUST0330,21-11-2024,-,Online,North,Debit Card,
1823,CUST0240,23-03-2025,163.88,Online,North,Credit Card,
966,CUST0136,2023/01/02,151.2,In-Store,north,Credit Card,
1041,CUST0148,03/28/2023,72.72,IN-STORE,West,Debit Card,
1935,CUST0265,11/14/2025,$108.33,in-store,South,Credit Card,
255,CUST0039,01/18/2026,$118.47,Online,West,Credit Card,
551,CUST0087,12/02/2024,92.06,ONLINE,West,Debit Card,
2388,CUST0330,2025/06/04,123.2, Online,North,PayPal,
533,CUST0085,12/03/2023,170.73,Online ,West,Credit Card,
334,CUST0053,2026-05-30,177.81,Online,North,Credit Card,
3025,CUST0406,2023/08/21,121.36,Online,North,Credit Card,
3033,CUST0406,07-02-2023,128.22,Online,North,Credit Card,
3259,CUST0438,08 Nov 2021,92.71,In-Store,South,Credit Card,
1353,CUST0184,2025/05/08,179.9,Instore,South,Credit Card,
1265,CUST0175,2025-09-26,107.22,in-store,North,Credit Card,
1755,CUST0232,2025-10-14,146.68,In-Store,West,Debit Card,
1320,CUST0181,09/12/2025,135.83,Online,West,Credit Card,
2133,CUST0291,25 Apr 2024,70.12,Online,North,PayPal,
951,CUST0135,02 Aug 2023,98.8,In-Store,North,Credit Card,
76,CUST0010,2026-06-22,198.65,Online,SOUTH,Debit Card,
403,CUST0065,09/21/2020,62.27,In-Store,East,Credit Card,
2492,CUST0342,14 Jan 2026,120.25,In-Store,North,Cash,
2292,CUST0316,07/11/2026,127.49,In-Store,SOUTH,Credit Card,
3043,CUST0408,05/21/2026,73.61,In-Store,South,Credit Card,
1331,CUST0182,2025/08/22,187.08,In-Store,South,Debit Card,
322,CUST0052,2026/01/12,162.6,in-store,North,Cash,
2844,CUST0384,05-11-2024,74.85,In-Store,West,Cash,
408,CUST0065,16-10-2025,204.15,Online, East,Debit Card,
1297,CUST0179 ,21-06-2026,168.02,In-Store,West,Credit Card,
2034,CUST0277,2025-06-16,56.98,Online,South,Debit Card,
3158,CUST0423,16-05-2024,132.89,Online,NORTH,PayPal,
2313,CUST0318,2023-09-25,120.04, Online,East,Credit Card,
915,CUST0132,03-08-2025,176.44,online,south,Cash,
2227,CUST0307,26 Jun 2026,145.55, In-Store,West,Cash,
1260,cust0175,07 Jun 2026,141.06,In-Store,North,Credit Card,
1824,CUST0240,2025-12-12,123.61,Online,North,Cash,
1647,CUST0220,2022/10/16,102.08,Instore,South,Debit Card,
1103,CUST0157,2025-02-13,170.65,in-store,South,Debit Card,
2745,CUST0369,2021/04/22,166.1,In-Store,South,Credit Card,
1600,CUST0215,04/09/2024,51.43,Online,South,Debit Card,
1017,CUST0146,30 Oct 2022,84.33,IN-STORE,South,Credit Card,
2521,CUST0347,04/06/2021,191.4,Online,East,PayPal,
616,CUST0096,2022-04-20,49.33,In-Store,West,Debit Card,
2022,CUST0276,2023-12-02,unknown,Online,West,Credit Card,
2920,CUST0391,2024/06/05,127.65,in-store,West,Cash,
1726,CUST0228,2025-01-04,115.04,In-Store,West,Credit Card,
1118,CUST0159,06/10/2022,-119.35,In-Store,north,PayPal,
536,CUST0085,25 May 2021,139.93,In-Store,West,PayPal,
3139,CUST0420,2025-05-01,154.45,In-Store,South,Credit Card,
775,CUST0113,07 Dec 2024,118.52, Online,South,Debit Card,
3533,CUST0472,2025/04/16,2660.67,In-Store,east,PayPal,
1345,CUST0183,2023-07-10,162.74,Online,West,Debit Card,
30,CUST0005,2025-01-24,138.3,Online,West,PayPal,
2111,CUST0289,2025-12-04,128.03,Online,West,Debit Card,
3466,CUST0461,24-08-2020,-132.84,Instore,South,Cash,
2328,CUST0322,08/23/2023,$136.05,In-Store,West,Debit Card,
1801,CUST0237,2026/04/23,,Instore,North,Debit Card,A
1593,CUST0214,04 Sep 2025,124.73,Online,north,Debit Card,
3349,CUST0444,05/17/2026,130.17,In-Store,East,PayPal,
860,CUST0126,07 Jan 2026,75.66,Online,East,Credit Card,
1523,CUST0206,11-05-2020,23.67,In-Store,NORTH,Credit Card,
1172,CUST0164,08/02/2025,139.28, In-Store, North,Cash,
376,CUST0059,06/23/2025,73.07,In-Store,East,PayPal,
1369,CUST0185,2024/05/08,210.07,Online,West,PayPal,
1873,CUST0252,05/05/2025,59.01,In-Store,West,Cash,
3125,CUST0418,28 Jun 2022,149.26,Online,South,Credit Card,
3433,CUST0459,04/30/2021,56.75,ONLINE,West,Debit Card,
3478,CUST0463,2026/06/01,153.62,in-store,East,Debit Card,
3586,CUST0478,2025-11-04,111.28,In-Store,East,Debit Card,
142,CUST0021,06-12-2023,117.01,Online,,Credit Card,
597,CUST0094,2025-05-10,209.89,ONLINE,North,Credit Card,
2167,CUST0297,23-05-2026,139.3, In-Store,North,Credit Card,
307,CUST0049,07/15/2025,140.84,In-Store,West,Credit Card,
2720, CUST0368,09-06-2024,68.83,ONLINE,east,PayPal,
1782,CUST0236,06-09-2024,129.23,In-Store,north,Debit Card,
1498,CUST0200,05-05-2026,106.84, Online,East,Cash,
1230,CUST0172,2024-01-22,131.13,Instore,south,Cash,
2960,CUST0395,24 Dec 2023,105.53,Online,SOUTH,Debit Card,
532,CUST0085,03/05/2022,162.62,Online,west,PayPal,
402,CUST0065,15-06-2022,153.15,In-Store,east,Debit Card,
1309,CUST0181,2022-05-13,137.91,In-Store,West,Cash,
273, CUST0044,2024/02/09,75.9,In-Store,East,Credit Card,
2004,CUST0275,2023-01-28,136.87,In-Store,NORTH,Cash,
1745,CUST0230,09 Jul 2023,139.94,In-Store,North,Cash,
2412,CUST0333,2021/04/25,108.64,Online,East,Credit Card,
636,CUST0097,2021-06-08,53.2,Online,North,Debit Card,
569,CUST0091,2026/03/15,162.46,In-Store,East,Debit Card,B
2382,CUST0329,22-08-2025,96.93,In-Store,east,Cash,
637,CUST0097,09-03-2026,79.77,Online,North,Debit Card,A
617,CUST0096,2025-08-11,133.26,Online,West,Debit Card,
2748,CUST0370,25-06-2026,181.09,Online,west,PayPal,
1407,CUST0188,12/06/2025,134.38,In-Store,West,Credit Card,
2538,CUST0349,2020-06-19,129.29, In-Store,SOUTH,Credit Card,
1079,CUST0152,2025-06-05,158.39,Online,South,Credit Card,
1521,cust0205,2025/12/28,160.1,In-Store,south,Debit Card,
1411,CUST0189,22 Aug 2025,56.07,Online,West,Debit Card,
1401,CUST0187,16-11-2024,154.24,Online,East,PayPal,
1306,CUST0180,2025-08-30,125.37,,West,Debit Card,
1022,CUST0147,09 Jul 2026,$103.72,Online,East,Credit Card,
1476,CUST0198,01/07/2022,152.67,Online,west,Debit Card,
1803,CUST0238,2026-01-31,103.98,online,North,Credit Card,
36,CUST0006,20-11-2025,129.29,Online,North,Debit Card,
1850,CUST0246,2025/08/23,79.53,IN-STORE,North,Debit Card,
3134,CUST0420,10/08/2024,119.08,IN-STORE,south,Credit Card,
1959,CUST0268,02 Dec 2023,147.93,In-Store,East,PayPal,
3369,CUST0447,04-07-2024,142.21,In-Store,North,Cash,
125,CUST0019,07/25/2023,16.6,Online,south,Credit Card,
2550,CUST0351,2025-03-25,139.28,In-Store,East,Credit Card,
1363, CUST0185,06-11-2024,24.92,Online,West,Debit Card,
2244,CUST0310,2024-03-23,111.49,Online,North,Debit Card,
2901,CUST0388,2025/07/26,69.42,In-Store,South,Credit Card,
1314,CUST0181,11/22/2022,141.68,Online,West,PayPal,
2531,CUST0348,08-07-2023,-,Online,West,Credit Card,
2878,CUST0387,12 Mar 2026,106.93,In-Store,South,Debit Card,B
685,CUST0104,03/05/2026,162.6,In-Store,South,Debit Card,B
3117,CUST0417,11/12/2024,143.35,In-Store, East,PayPal,
1242,CUST0174,2020/05/14,72.3,Online,South,PayPal,
774,CUST0113,09-10-2023,129.28,Online,south,Credit Card,
2777,CUST0375,16 Nov 2023,108.48,in-store,South,PayPal,
7,CUST0001,2025-12-07,155.19,in-store,North,Debit Card,
3087,CUST0414,2025-04-03,136.21,In-Store, East,Cash,
57,CUST0008,12/24/2023,87.3,Online ,East,Cash,
14,CUST0003,07 Mar 2026,134.58,In-Store,West,Credit Card,A
1305,CUST0180,15-12-2025,144.3,In-Store,West,PayPal,
2041,CUST0278,2025-02-13,118.25,In-Store,North,Debit Card,
1986,CUST0274,2021-07-23,92.26,Online,East,Credit Card,
1183,CUST0166,26-05-2024,119.02,Online,West,PayPal,
1979,CUST0271,2025-09-16,126.09,In-Store,North,Credit Card,
2482,CUST0340,2026-01-08,142.54,Online,East,Cash,
1797,CUST0237,27 Jan 2025,115.64,In-Store,North,PayPal,
1467,CUST0197,2026/04/18,135.74,In-Store,East,Debit Card,B
215,CUST0034,2025-07-23,,Online,East,Debit Card,
355,CUST0056,2020-11-10,40.94,In-Store,SOUTH,Cash,
1441,CUST0195,16-04-2025,$150.29,Online,West,Credit Card,
923,CUST0132,08-03-2024,95.57,In-Store,South,Debit Card,
3459,CUST0461,2024/11/15,153.78,Online ,South,Debit Card,
590,CUST0094,2024-07-10,92.36,Online,North,Debit Card,
2327,CUST0322,2021-12-22,72.53,Online,West,Credit Card,
2128,CUST0291,2024/08/18,85.75,In-Store, North,PayPal,
967,CUST0136,13 Jun 2022,37.31,In-Store,North,PayPal,
1186,CUST0166,2023/09/09,109.76,online,West,Debit Card,
1128,CUST0159,11/17/2021,118.6,ONLINE, North,PayPal,
1858,CUST0246,2021-07-25,80.18, Online,North,Cash,
2039,CUST0278,17-09-2024,-,In-Store,North,PayPal,
1343,CUST0183,09 Sep 2023,111.67,In-Store,West,Debit Card,
1285,CUST0178,24-08-2025,147.34,ONLINE,North,Cash,
3414,CUST0455,19 Jun 2026,128.21,IN-STORE,north,Credit Card,
359,CUST0056,02/12/2022,131.56,In-Store,south,Credit Card,
1245,CUST0174,2020/10/29,68.18,Online,South,Debit Card,
2150,CUST0294,12/25/2022,55.87,Online,East,PayPal,
700,CUST0106,2020/03/23,90.97,In-Store,south,Credit Card,
1999,CUST0275,2023/08/20,160.83,Online,NORTH,PayPal,
2090,CUST0287,2025-06-19,$160.43,Online,West,Debit Card,
1371,CUST0185,02-04-2025,101.04,Online,West,Credit Card,
1295,CUST0179,07/15/2021,139.78,In-Store,West,Credit Card,
680,CUST0104,11/01/2023,85.9,Instore,South,Credit Card,
3545,CUST0474,26 Aug 2024,151.74,Online,East,Debit Card,
3352,CUST0445,02-05-2026,171.43,in-store,West,Debit Card,
137,CUST0021,2025-02-13,60.98,Online ,North,Credit Card,
293,CUST0047,06 Jun 2024,110.5,Online,South,Credit Card,
86,CUST0011,2024-11-04,85.74,In-Store,North,Credit Card,
1972,CUST0270,17 Sep 2024,150.42,Online,WEST ,PayPal,
959,CUST0136,28 Jun 2026,166.15,Instore,North,Credit Card,
1492,CUST0200,21-03-2023,3853.29,ONLINE,East,PayPal,
944,CUST0134,2022/07/30,$104.29, In-Store,East,Credit Card,
131,CUST0020,04-12-2022,118.29,Instore,South,PayPal,
2363,CUST0326,2025/09/03,190.47,In-Store,West,Credit Card,
291,CUST0047,12-07-2026,162.41,Online,SOUTH,Credit Card,
156,CUST0024,18-11-2023,69.54,Online,West,Credit Card,
1958,CUST0268,2023-12-30,87.41,In-Store, East,PayPal,
3390, CUST0453,2024-08-11,118.42,In-Store,East,Cash,
1078,CUST0152,25-04-2024,36.09,In-Store,SOUTH,PayPal,
768,CUST0113,10 Sep 2022,42.68,Online,South,Credit Card,
3374,CUST0448,13 Nov 2024,199.82,ONLINE,North,Credit Card,
824,CUST0118,2024-06-24,108.93,Online,North,Credit Card,
218,CUST0034,24 Aug 2024,65.51,In-Store,East,Debit Card,
2632,CUST0360,08/17/2024,87.73,In-Store,South,Credit Card,
2549,CUST0351,2026/02/20,136.29,IN-STORE,East,PayPal,A
919,CUST0132,12/15/2024,130.07,IN-STORE,South,Credit Card,
2187,CUST0300,2026/06/05,149.36,in-store,South,Credit Card,
3452,CUST0461,14-03-2023,53.92,In-Store,South,Debit Card,
827,CUST0119,06/04/2026,92.27,Online,west,Credit Card,
406,CUST0065,07/21/2022,70.77,Online, East,PayPal,
2017,CUST0276,02-03-2025,143.91,In-Store,West,Cash,
2740,CUST0369,14-06-2026,121.52,IN-STORE,South,Cash,
2898,CUST0388,2024-02-15,184.52,in-store,South,Credit Card,
1677,CUST0223,2022/12/24,89.2,In-Store,East,PayPal,
1235,CUST0172,2025/04/24,104.27,Online,South,PayPal,
3499,CUST0466,2023/11/27,$144.46,Online,North,Credit Card,
2772,CUST0374,12 Mar 2025,183.99, Online,North,Credit Card,
707,CUST0107 ,2026/04/11,161.52,In-Store,South,PayPal,
1668,CUST0222,09-11-2025,93.62, In-Store,North,Cash,
176,CUST0027,2026/01/14,-153.41,Online,East,Credit Card,
2024,CUST0276,2022-03-27,100.45,Online,west,Credit Card,
1155,CUST0162,22-04-2024,118.54,In-Store, East,PayPal,
1119,CUST0159,2021-03-05,130.46,online,North,Credit Card,
1124,CUST0159,2022/11/12,121.16,Online, North,PayPal,
513,CUST0082,2025/08/27,117.6,Instore,East,Debit Card,
2646,CUST0361,12 Feb 2024,142.38,Online,West,Credit Card,
578,CUST0092,2026-05-24,$162.66,Online,West,PayPal,
2885,CUST0387,03/20/2024,40.27,In-Store,South,Credit Card,
477,CUST0076,2026-01-29,108.35,In-Store,South,Debit Card,
1618, CUST0218,07 Mar 2023,135.04,In-Store,north,Debit Card,
1539,CUST0207,2022/03/14,101.56,In-Store,South,Credit Card,
2166,CUST0297,2026-05-17,123.66,In-Store,North,PayPal,
1711,CUST0227,11-04-2026,181.93,Online,North,Debit Card,B
3368,CUST0447,04/12/2026,156.61,In-Store,North,Credit Card,A
1175,CUST0165,10/23/2024,$76.05,In-Store,South,Credit Card,
499,CUST0080,06-07-2026,171.48,Online,West,Debit Card,
1807,CUST0238,09/25/2023,135.46,In-Store,North,PayPal,
87,CUST0011,27 Aug 2024,63.26,In-Store,North,Debit Card,
1284,CUST0178,24 Jul 2022,129.32,Online,North,PayPal,
3330,CUST0443,22 Mar 2025,148.89,Online,east,Credit Card,
1549,CUST0207,15-06-2023,,Online,South,Credit Card,
3406,CUST0454,2024/09/17,140.82,Online,North,PayPal,
924,CUST0133,06 Jan 2022,138.91,ONLINE,north,Debit Card,
1222,CUST0171,2025/11/13,154.33,Online,North,Cash,
2250,CUST0311,29-07-2026,182.84,In-Store,West,Debit Card,
1765,CUST0234,2024-09-06,137.93,In-Store, North,PayPal,
1109,CUST0157,2024-10-20,140.05,In-Store,South,Credit Card,
326,CUST0052,05 Mar 2023,190.91,Online,North,PayPal,
2861,CUST0385,06/30/2025,117.47,In-Store,West,Credit Card,
647,CUST0099,05 Feb 2025,181.39,Online,NORTH,Debit Card,
1898,CUST0254,05 Sep 2024,98.08,ONLINE,North,PayPal,
424,CUST0067,12/25/2025,162.59,In-Store,West,Credit Card,
1482,CUST0199,2026/05/22,75.74,Online,East,Credit Card,
1455,CUST0196,31 Jul 2026,105.86,Online,South,Credit Card,
1744,CUST0230,13-05-2025,119.13,Online,North,Cash,
1786,CUST0237,05/27/2023,102.72,In-Store,North,Cash,
1176,CUST0165,2025/11/02,38.79,Online,south,PayPal,
180,CUST0029,07/07/2024,101.54,Online,East,PayPal,
2929,CUST0392,2024-09-22,58.85,In-Store,South,Credit Card,
2807,CUST0379,07/21/2026,165.1,in-store,North,Credit Card,
2648,CUST0362,28 Jan 2025,131.26,In-Store,South,Debit Card,
467,CUST0075,26 Dec 2023,116.61,ONLINE,North,Credit Card,
2674,CUST0364,12-12-2022,68.65,In-Store,South,Debit Card,
1276,CUST0177,2022/10/04,143.1,In-Store,South,Debit Card,
3235,CUST0432,08-03-2025,125.63,In-Store,West,Debit Card,
942,CUST0134,07/19/2022,86.04,In-Store,East,PayPal,
1547,CUST0207,2024/05/10,111.49,In-Store,south,Cash,
864,CUST0127,2025/04/04,195.96,Online,South,Debit Card,
2442,CUST0336,14 Jun 2026,103.37,IN-STORE,North,Credit Card,
1219,CUST0171,10/05/2022,63.88,Online,North,PayPal,
2217,CUST0305,12/21/2021,112.29,Online,West,Debit Card,
3133,CUST0420,21-07-2026,213.28,In-Store,South,Credit Card,
1524,CUST0206,02/15/2024,107.18,Online,North,Credit Card,
1503,CUST0201,05-07-2025,177.5,In-Store,South,Debit Card,
1409,CUST0189,2024/10/14,103.72,online,West,Credit Card,
1161,CUST0162,2022-06-15,117.91,In-Store,East,Debit Card,
263,CUST0041 ,02-01-2025,200.98,IN-STORE,West,Debit Card,
527,CUST0084,04 May 2026,139.66,In-Store,East,Debit Card,
848,CUST0124,07/12/2022,102.91,Online,East,Credit Card,
1016, CUST0146,2024-08-27,49.83,In-Store,South,PayPal,
317,CUST0050,08-01-2025,$176.62,in-store,North,Debit Card,
3548,CUST0474,2023-05-02,$148.17,Online,East,Credit Card,
1159,CUST0162,02/05/2026,137.09,In-Store,East,Credit Card,A
1036,CUST0148,03/25/2023,146.89,,West,Debit Card,
1814,CUST0238,2022-08-18,164.21,Online,North,Cash,
567,CUST0090,2026/01/22,156.06,Online,North,Credit Card,
2142,CUST0293,12/25/2021,88.13,Online,North,Credit Card,
1044,CUST0149,25-10-2022,129.87,In-Store,south,Credit Card,
605,CUST0095,11/08/2022,125.71,Online,South,Credit Card,
621,CUST0096,24-11-2024,69.25,ONLINE,WEST ,PayPal,
292,CUST0047,29 Jan 2024,117.96,In-Store,SOUTH,PayPal,
1798,CUST0237,25-06-2024,144.29,In-Store,North,Credit Card,
3116,CUST0417,22 Mar 2026,137.96,In-Store,East,Cash,A
3075,CUST0412,2025-09-28,162.36,In-Store,North,Credit Card,
1164,CUST0164,2024-06-06,135.47, Online,North,Debit Card,
3289,CUST0440,2026/02/07,204.12,Online,North,PayPal,
906,CUST0131,05/17/2022,,In-Store,East,Cash,
3005,CUST0404,08 Oct 2025,131.34,Online ,north,Cash,
3457,CUST0461,12 May 2021,92.31,In-Store,South,PayPal,
796,CUST0116,2025/10/09,84.61,In-Store,south,Debit Card,
3091,CUST0414,16-09-2024,103.43,In-Store,East,PayPal,
2821, CUST0381,30-09-2025,139.29,Online,East,Cash,
2762,CUST0373,04/13/2026,182.87,Online ,North,Credit Card,B
2802,CUST0378,11 Jan 2026,183.96,In-Store,East,Credit Card,
1617,CUST0218,10/02/2024,146.01,in-store,North,PayPal,
1684,CUST0224,13 Jan 2025,101.51,ONLINE,NORTH,PayPal,
2433,CUST0334,2025/07/25,150.7,Online,SOUTH,Credit Card,
412,CUST0066,2024/05/27,162.29,Online,South,Credit Card,
289,CUST0046,2025/05/16,148.52,Online,South,Debit Card,
2586,CUST0354,17-06-2026,171.89,In-Store,East,Debit Card,
2411,CUST0333,12/31/2021,140.75, In-Store,East,Debit Card,
2981,CUST0398,13 Dec 2022,55.05,In-Store,East,Credit Card,
2493, CUST0342,30-11-2022,119.31,Instore,North,PayPal,
2810,CUST0380,07/28/2024,159.88,Online,South,Cash,
2393,CUST0331,04/05/2026,141.45,In-Store,West,Debit Card,A
3366,CUST0446,11/13/2024,115.0,In-Store,East,Credit Card,
2796,CUST0377,2025/03/05,74.4,,East,Debit Card,
2522,CUST0347,13-01-2024,$61.23,In-Store,East,Credit Card,
1459,CUST0196,2022-12-08,135.16,online,South,PayPal,
1202,CUST0169,11 Mar 2026,$114.25,In-Store,East,Debit Card,
3186,CUST0427,2024/07/26,143.28,Online,North,PayPal,
1525,CUST0206,2025-02-24,100.41,Online,north,Credit Card,
801,CUST0116,16-07-2024,143.14,Online,South,Credit Card,
2808,CUST0380,01/15/2026,97.51,online,South,Debit Card,
1052,CUST0149,12/25/2023,114.17,In-Store,South,Debit Card,
2336,CUST0323,2024/01/24,138.75,Online,North,Debit Card,
164,CUST0026,12-12-2024,104.77,In-Store,North,Credit Card,
1287,CUST0178,2023/08/24,47.78,Instore,North,Credit Card,
3343,CUST0444,2024/04/12,187.23,online, East,Credit Card,
3468,CUST0462,06-11-2023,72.74, Online,North,Debit Card,
974,CUST0139,2025-02-01,81.73,In-Store,west,PayPal,
690,CUST0106,2021/12/12,125.15,In-Store,South,Debit Card,
2721,CUST0368,05 Apr 2021,114.4, Online,East,PayPal,
1346,CUST0183,2022-01-25,102.39,Online,WEST ,Debit Card,
3516,CUST0468,17 Sep 2021,93.46,IN-STORE,West,Credit Card,
1713,CUST0227,24 Jul 2026,176.54,ONLINE,North,Credit Card,
503,CUST0081,2025-07-28,95.2, In-Store,East,Debit Card,
2095,CUST0288,10 Mar 2024,77.22,Online,north,Debit Card,
1232,CUST0172,08 May 2024,177.78,IN-STORE,South,Cash,
1452,CUST0195,17 Mar 2023,127.48,Online,West,Debit Card,
1279,CUST0178,05/20/2023,164.24,Online,North,Cash,
2144,CUST0293,07/30/2023,101.73,Online,North,Credit Card,
1949,CUST0267,2023/08/08,92.27,In-Store,East,Cash,
1810,CUST0238,2022/08/11,87.83,Online,North,Credit Card,
622,CUST0096,2023-10-12,165.81,Online,West,Credit Card,
2971,CUST0397,06 May 2022,100.49,In-Store,North,Credit Card,
35,CUST0006,06/20/2023,78.74,In-Store,north,PayPal,
2854,CUST0384,2023-12-01,127.12,in-store,West,PayPal,
2588,CUST0354,2024-01-25,115.11,Online,East,Debit Card,
2563,CUST0352,20-09-2025,154.64,IN-STORE,East,Credit Card,
2099,CUST0288,2025/08/30,120.36,in-store, North,PayPal,
1031,CUST0147,27 Jul 2023,141.88,Online,East,Credit Card,
656,CUST0100,2024/12/19,126.66,ONLINE,South,Debit Card,
1249,CUST0174,08-06-2025,176.66,Online,South,Debit Card,
1374,CUST0186,27-03-2022,$173.44,In-Store,NORTH,PayPal,
2741,CUST0369,2024/10/12,181.44,In-Store,south,Debit Card,
3424,CUST0457,07-01-2024,163.49,Online,North,PayPal,
1087,CUST0153 ,02-08-2025,132.25,In-Store,West,Cash,
2036,CUST0277,27 Sep 2023,156.3, Online,South,Credit Card,
1747,CUST0230,07/23/2024,164.68,ONLINE,North,Debit Card,
1018,CUST0146,23-03-2021,137.29,Instore,SOUTH,Cash,
2229,CUST0308,10-07-2026,139.38,Online,East,PayPal,
1702,CUST0226,2025/10/25,34.63,In-Store,North,Credit Card,
2565,CUST0352,12 Jul 2025,130.54,Online,East,Debit Card,
2796,CUST0377,05 Mar 2025,74.4,In-Store,East,Debit Card,
525,CUST0084,21-02-2025,90.68,Online,East,PayPal,
3427,CUST0458,21-12-2025,159.1,ONLINE,east,Debit Card,
3179,CUST0426,15-08-2025,99.6,,North,Debit Card,
1569,CUST0209,2025-06-21,126.68,In-Store,East,PayPal,
221,CUST0034,2024/09/17,136.65,Online,East,Credit Card,
1081,CUST0152,21-01-2026,181.24,In-Store,South,Credit Card,
2140,CUST0293,08-05-2024,113.57,In-Store,NORTH,PayPal,
2913,CUST0390,26 Mar 2024,109.11,In-Store,North,Credit Card,
208,CUST0033,05-03-2024,149.88,Online,West,Debit Card,
2256,CUST0311,2024/05/01,104.34, Online,West,PayPal,
697,CUST0106,2025-02-20,125.76,In-Store,,Debit Card,
1527,CUST0206,01 Mar 2026,194.34,Online,North,PayPal,B
1421,CUST0191,2025-02-25,151.03,Instore,West,Debit Card,
2791,CUST0377 ,02-11-2025,163.81,In-Store,east,Cash,
3341,CUST0444,30 Jun 2022,108.02,In-Store,East,Debit Card,
2719,CUST0368,18 Oct 2023,130.16,In-Store,East,Debit Card,
815,CUST0117,2022/12/15,119.71,Online,South,PayPal,
89,CUST0012,19-04-2026,130.33, Online,south,Credit Card,
2161,CUST0296,31-03-2026,197.8,Online,West,Credit Card,
3382,CUST0453,2022/03/21,36.04,In-Store,East,Debit Card,
3504,CUST0466,2023/02/18,147.95,online,North,Debit Card,
398,CUST0065,2022/03/14,-90.69,In-Store,east,Credit Card,
2437,CUST0335,2025/10/05,104.23,Online,East,Debit Card,
1502,CUST0201,05-03-2025,124.23,In-Store,South,Debit Card,
1234,CUST0172,06 Nov 2024,88.72,Online,South,Credit Card,
474,CUST0076,25-05-2022,110.19,In-Store,South,Debit Card,
1841,CUST0242,02/11/2025,101.9,ONLINE,South,Credit Card,
2883,CUST0387,10-11-2022,123.83,In-Store,south,Debit Card,
703,CUST0106,2023-10-16,50.97, In-Store,SOUTH,Debit Card,
1358,CUST0184,2022/02/03,93.09,in-store,South,Credit Card,
2311,CUST0318,06 Jul 2024,70.89,Online,East,Credit Card,
2723,CUST0368,08/18/2022,119.42,Online,East,Cash,
1865,CUST0250,02-04-2025,,In-Store,north,PayPal,
2775,CUST0375,22 Feb 2026,$136.16,In-Store,south,Debit Card,B
1398,CUST0187,2022/01/07,81.07,In-Store,East,Credit Card,
857,cust0126,16 Apr 2024,139.16,Online,East,Cash,
3149,CUST0422,2025-12-13,128.14, Online,West,Credit Card,
2189,CUST0301,2025-12-04,80.08,In-Store,South,Debit Card,
2430,CUST0334,2022-10-06,147.84,online,South,Debit Card,
3102,CUST0416,2024/04/23,114.62,Online,North,Debit Card,
506,CUST0081,02/21/2026,158.09,Instore,East,Credit Card,B
2015,CUST0276,19 Jul 2020,103.64,Online,West,PayPal,
1383,CUST0186,31-08-2022,188.42,Online ,North,Credit Card,
1061,CUST0150,21 Jan 2022,87.67,online,East,Credit Card,
1333,CUST0183,2025-06-26,146.73, In-Store,West,Credit Card,
1674,CUST0223,2026/02/20,189.41,Online,East,Credit Card,B
1494,CUST0200,08 May 2025,164.52,Online,East,Cash,
515,CUST0083,06/17/2025,162.21,IN-STORE,North,Credit Card,
3069,CUST0412,13-10-2024,156.23,Online,North,Debit Card,
795,CUST0115,2025-02-24,131.39,In-Store,West,PayPal,
3216,CUST0430,2025-04-30,210.58,Online,South,Credit Card,
2122,CUST0290,2021/10/21,93.48,In-Store,East,Credit Card,
987,CUST0141,2026-02-02,166.53,Online,West,PayPal,B
2383,CUST0329,20-04-2026,74.67,Online,east,Debit Card,A
2847,CUST0384,2020/10/18,173.96,In-Store,West,Debit Card,
2040,CUST0278,2023/04/01,99.11,In-Store,north,PayPal,
500,CUST0080,2025-11-24,175.14,,West,Credit Card,
2317,CUST0320,18 Feb 2025,129.94,Online,South,Credit Card,
1776,CUST0235,2024/12/24,88.46,In-Store,North,Credit Card,
3203,CUST0429,10/19/2025,175.02,Online,South,Debit Card,
1271,CUST0177,2025-09-04,160.3,Instore,South,Cash,
1280,CUST0178,21 Nov 2022,102.42, In-Store,North,Credit Card,
2554,CUST0351,2026-05-14,163.13,In-Store,East,Cash,
2970,CUST0397,05-02-2023,83.06,In-Store,North,Credit Card,
1955,CUST0267,23-11-2025,152.59,In-Store,East,Credit Card,
383,CUST0061,2025/11/17,81.09,In-Store,North,Debit Card,
2846,CUST0384,2023/10/19,162.19,In-Store,WEST ,Credit Card,
3381,CUST0453,2026/06/04,134.22,In-Store, East,Debit Card,
3480,CUST0464,2023-06-23,94.89,Online,NORTH,,
3445,CUST0460,04/19/2026,145.07,Instore, East,Credit Card,B
1636,CUST0219,03 Apr 2026,99.41,online,East,Credit Card,A
948,CUST0135,03 Jun 2026,27.76,Online,North,Credit Card,
3317,CUST0442,25 Jul 2025,114.57,Online,South,PayPal,
3347,CUST0444,06/18/2024,209.93,In-Store,East,PayPal,
875,CUST0129,29 Jul 2026,-147.54,Online,West,PayPal,
1321,CUST0181,05-05-2025,$190.65,Online,west,PayPal,
2712,CUST0366,12-08-2021,79.43,In-Store,West,PayPal,
2832,CUST0382,2024-07-02,179.53,Online,South,PayPal,
1268,CUST0176,15 Mar 2026,182.55,Online,East,PayPal,B
2183,CUST0298,26-08-2024,155.25,Online,East,Debit Card,
2030,CUST0277,04 Jul 2025,43.22,In-Store,South,Credit Card,
2508,CUST0343,01 Aug 2025,177.08,online,South,Debit Card,
3440,CUST0459,03/06/2024,113.43,Online,west,Debit Card,
3023,CUST0406,20 Nov 2023,102.57,In-Store,North,Credit Card,
1983,CUST0273,07/24/2026,40.53, In-Store,South,Debit Card,
620,CUST0096,04/01/2025,$26.77,in-store,West,PayPal,
2537,CUST0349,09/30/2023,131.32, In-Store,South,Credit Card,
3226,CUST0431,03/25/2024,63.28,In-Store,North,Credit Card,
785,CUST0115,01/31/2024,180.01,Instore,West,Credit Card,
1139,CUST0160,2021/12/17,83.5,Online,North,Credit Card,
673,CUST0102,2024/11/21,128.77,In-Store,West,Credit Card,
1420,CUST0190,16 May 2026,201.58,Online,NORTH,Debit Card,
1930,CUST0264,13 Jun 2026,97.7,Online,South,Debit Card,
970,CUST0137,2026-02-17,151.85,In-Store, East,Debit Card,
1444,CUST0195,01/15/2024,$160.99,Online,West,Credit Card,
2233,CUST0308,06/09/2026,,Online,East,Debit Card,
595,CUST0094,2023/04/18,157.01,Online,North,Debit Card,
1950,CUST0267,2025/02/11,167.12,Online,East,Credit Card,
2993,CUST0402,08 Mar 2026,118.75,Online,South,Credit Card,
3073,CUST0412,10 Jul 2026,145.38,In-Store,North,Credit Card,
1870,CUST0251,17 May 2026,161.11,In-Store,South,PayPal,
866,CUST0127,11 Aug 2024,115.94,Online,South,Debit Card,
2378,CUST0327,23-11-2022,59.06,In-Store,North,PayPal,
2201,CUST0303,10/12/2022,92.81,In-Store,South,Debit Card,
929,CUST0133,08/14/2023,123.07,Online,north,Debit Card,
3253,CUST0438,02/14/2025,177.2,Online,south,PayPal,
1792,CUST0237,04/13/2022,138.64,In-Store,North,Credit Card,
2647,CUST0362,31 May 2024,120.53,In-Store,South,Debit Card,
261,CUST0041,13-08-2025,191.29,online,West,Credit Card,
3263,CUST0438,2024-11-20,109.83,Online,South,Credit Card,
1382,CUST0186,12/15/2021,83.94,Online,North,Credit Card,
2402,CUST0332,28 Apr 2023,90.9,In-Store, North,Credit Card,
2641,CUST0361,28-08-2024,, Online,West,PayPal,
314,CUST0049,20 May 2025,62.19,Online,West,PayPal,
1423,CUST0191,2024-12-15,132.7,IN-STORE,West,Debit Card,
3496,CUST0465,2023/01/11,128.74,Online ,north,Debit Card,
3045,CUST0408,04-01-2025,117.47,Online,South,Debit Card,
301,CUST0048,15-05-2026,143.82,online,East,Credit Card,
708,CUST0107,2025-02-28,169.22,Online ,South,Credit Card,
346,CUST0055,2024/03/23,122.24, Online,,Credit Card,
3322,CUST0442,06/05/2023,126.65,ONLINE,south,PayPal,
793,CUST0115,28 Nov 2024,112.03,IN-STORE,West,Debit Card,
3578,CUST0478,26 May 2026,161.81,in-store,east,Debit Card,
3488,CUST0465,2024-12-23,122.47,In-Store,North,Debit Card,
1922,CUST0260,07/08/2026,138.88,In-Store,SOUTH,Credit Card,
1310,CUST0181,11 Sep 2023,127.2,Online,West,Credit Card,
1364,CUST0185,12-03-2024,122.32,Online,West,PayPal,
1204,CUST0170,2025/11/12,93.69,In-Store,East,Debit Card,
2352, CUST0324,14-04-2025,111.16,Online,south,PayPal,
572,CUST0092,28-04-2022,149.64,Online,West,Debit Card,
2864,CUST0385,2024-07-10,171.12,In-Store,west,Credit Card,
3497,CUST0466,2026-07-21,,online,NORTH,PayPal,
216,CUST0034,2025-05-08,2159.52,Online,East,Credit Card,
1075,CUST0151,2023/06/09,146.51,online,East,Credit Card,
655,CUST0100,19 Jan 2025,112.38,Online,south,Debit Card,
1435,CUST0194,2024/05/26,74.26, In-Store,South,Credit Card,
1002,CUST0145,11 Jun 2026,221.79,Online,South,Credit Card,
2162,CUST0296,03/15/2025,149.51,Online,West,Cash,
170,CUST0027,09/10/2023,168.56,Online,east,PayPal,
870,CUST0129,27-07-2024,136.48,Online,West,Credit Card,
1142,CUST0160,2025-06-28,123.88,ONLINE,North,Debit Card,
353,CUST0056,2026-03-11,73.13,In-Store,South,PayPal,A
2879,CUST0387,2024-10-21,121.08,In-Store,south,Credit Card,
157,CUST0024,2024-07-05,142.44,Online,West,Credit Card,
1560,CUST0209,2023/11/03,78.35,Online ,east,PayPal,
600,CUST0095,2022/08/22,158.17,Online,South,PayPal,
2241,CUST0309,22-07-2025,168.03,Online,East,Debit Card,
1685,CUST0224,2025-02-12,159.24,IN-STORE,North,Credit Card,
3426,CUST0458,08-12-2025,110.43,IN-STORE,East,Debit Card,
2534,CUST0348,2025-07-07,167.52,Online,West,Debit Card,
1590,CUST0214,15-10-2023,64.15,Online,North,PayPal,
570,CUST0092,31-01-2024,142.76,Online,West,PayPal,
2447,CUST0336,2025/07/08,119.75,Online, North,Credit Card,
21,CUST0004,15 Sep 2021,138.26,ONLINE,North,PayPal,
877,CUST0129,19-03-2024,106.95,In-Store,West,Debit Card,
3068,CUST0411,06-12-2021,175.03,In-Store,North,PayPal,
2798,CUST0378,2025-06-12,147.35,Online,East,PayPal,
2321,CUST0321,05/03/2024,84.13,In-Store,West,PayPal,
2141,CUST0293,2026/05/08,129.76, Online,North,Debit Card,
1881,CUST0252,2024-09-09,173.15,In-Store,WEST ,Cash,
1143,CUST0160,2024/11/23,58.13,Online,North,Credit Card,
2113,CUST0289,2025/05/11,152.34,Online,WEST ,Credit Card,
3278,CUST0440,2023-02-08,163.73,in-store,North,Credit Card,
3132,CUST0420,09 Nov 2023,104.5,Online,South,PayPal,
3598,CUST0479,2024/03/09,74.78, In-Store,East,Debit Card,
1281,CUST0178,14 Nov 2025,150.07,In-Store,North,Credit Card,
3046,CUST0408,11-10-2023,72.45,In-Store,SOUTH,Debit Card,
1966,CUST0268,04/02/2025,125.0,Instore,East,Credit Card,
1749,CUST0230,2023-04-04,123.61,Online, North,Debit Card,
2369,CUST0326,05/16/2026,79.23,Online,West,Debit Card,
812,CUST0117,2022-10-05,62.49,In-Store,SOUTH,PayPal,
1820,CUST0239,2026/07/30,112.63,in-store,West,Debit Card,
3060,CUST0410,19-12-2025,126.6,Online,East,PayPal,
431,CUST0069,24-07-2026,125.37,Online,East,PayPal,
3000,CUST0404,2026/03/25,97.1,In-Store,North,Debit Card,A
3431,CUST0459,17-08-2024,$99.94,Online,west,PayPal,
1146,CUST0160,31-08-2022,117.04, In-Store,North,Cash,
2045,CUST0278,2021/07/06,115.92,In-Store,North,Debit Card,
2990,CUST0402,29 Oct 2025,132.28,Online,SOUTH,Debit Card,
2326,CUST0322,2024/03/17,98.35,Online,West,Credit Card,
2830,CUST0382,05/29/2025,177.74,Online,south,Debit Card,
3119,CUST0418,2023/05/29,80.1,Online,SOUTH,PayPal,
159,CUST0025,2025/06/02,107.04,online,South,PayPal,
562,CUST0089,2026-01-05,178.6,In-Store,North,Credit Card,
891,CUST0130,2021/10/01,58.5,Online,North,Debit Card,
933,CUST0133,2024-03-26,98.76,Online,North,Credit Card,
3315,CUST0442,12/01/2025,63.34,Online,South,Credit Card,
1071,CUST0151,21 Jun 2023,76.14,In-Store,East,Debit Card,
2386,CUST0330,06-02-2026,131.4,IN-STORE,north,Credit Card,A
725,CUST0108,2025/05/25,,IN-STORE,West,PayPal,
574,CUST0092,07/05/2025,146.83,online,West,PayPal,
1317,CUST0181,21 Jul 2025,123.72,Online,West,PayPal,
3360,CUST0446,08/18/2025,165.23,In-Store,East,PayPal,
2341,CUST0323,2025-04-08,143.51,Online,North,Debit Card,
349,CUST0055,02/20/2021,161.77,Online,South,Credit Card,
1415,CUST0190,25-03-2026,151.48,Online,north,Credit Card,B
68,CUST0009,2024-11-02,-127.65,Online,North,Credit Card,
3460,CUST0461 ,2023-02-03,122.93,In-Store,South,Debit Card,
2692, CUST0365,11/30/2020,100.88,Online,South,Debit Card,
32,CUST0006,07/26/2026,194.9,Online,north,Credit Card,
1051,CUST0149,2025-06-12,$145.93,In-Store,south,,
2564,cust0352,02/08/2023,114.61,Online ,East,PayPal,
2858,CUST0384,13-05-2022,89.37,In-Store,West,Debit Card,
2690,CUST0365 ,2025-11-28,88.6,In-Store,SOUTH,Cash,
568,CUST0091,2025/09/07,96.61,In-Store,east,Debit Card,
3348,CUST0444,2026-01-17,128.81,In-Store,East,Credit Card,
2053,CUST0279,17-01-2024,209.16,Online,North,Cash,
909,CUST0131,2022-01-29,120.57,In-Store,East,Credit Card,
610,CUST0095,2022/07/06,116.46,Online,South,Credit Card,
1258,CUST0175,30 Jun 2024,161.48,In-Store,North,Credit Card,
2318,CUST0320,2025/03/04,142.81,Online,South,PayPal,
3520,CUST0469,08/19/2025,127.29, Online,South,Credit Card,
2958,CUST0395,11 Jun 2026,65.79,Online,South,Credit Card,
537,CUST0085,10/29/2022,155.16,Online,West,Credit Card,
2170,CUST0297,12 Nov 2024,111.51,Online,North,Cash,
3492,CUST0465,2023-06-16,71.25,In-Store,North,Credit Card,
781,CUST0114,11/07/2023,71.06,In-Store,East,Credit Card,
3055,CUST0409,18 Dec 2024,114.82,Instore,North,Debit Card,
1643,CUST0220,2025-03-21,230.94,Online,SOUTH,PayPal,
1408,CUST0188,24 Oct 2025,101.1,In-Store,West,Debit Card,
108,CUST0017,18 May 2023,182.77,Online,SOUTH,PayPal,
2353,CUST0324,10/28/2025,93.3,IN-STORE,South,Debit Card,
117,CUST0018,19-06-2024,162.01,In-Store,West,Credit Card,
1938,CUST0265,04/09/2025,122.96,In-Store,South,Debit Card,
2102,CUST0288,2025-12-29,165.84,Online,North,Credit Card,
1757,CUST0232,02/10/2025,158.66,,WEST ,Debit Card,
3392,CUST0454,24 Aug 2025,95.83,Online,North,PayPal,
548,CUST0086,2023-07-20,141.74, Online,WEST ,Debit Card,
1277,CUST0177,2024-11-27,110.23,In-Store,South,Credit Card,
3021,CUST0406,2025/04/14,196.48,Online,North,Debit Card,
2552,CUST0351,2026-05-03,$73.11,Instore,east,PayPal,
596,CUST0094,09/24/2024,87.35,In-Store,North,Debit Card,
3461,CUST0461,21 Jul 2023,73.72,In-Store,South,Credit Card,
1675,CUST0223,2023-02-27,61.43,In-Store,east,,
2889,CUST0387,02 May 2024,137.12,Online,South,Credit Card,
2072,CUST0283,2025/07/12,105.12,Online,North,PayPal,
1719,CUST0227,09/03/2025,87.5,Online,North,Credit Card,
3446,CUST0460,01-08-2023,69.6,In-Store,East,Debit Card,
2451,CUST0337,11/19/2024,80.42,In-Store,SOUTH,Cash,
3323,CUST0443,2026-04-30,$105.20,Online,East,Debit Card,
2952,CUST0394,12-01-2025,131.47,In-Store,North,Debit Card,
3326,CUST0443 ,02-03-2025,75.8,in-store,East,Credit Card,
107,CUST0016,2025/10/04,149.15,Online,North,Credit Card,
2023,CUST0276,02/10/2024,106.74,Online,west,Cash,
3227,CUST0431,07/19/2026,146.38,ONLINE, North,PayPal,
2718,CUST0368,04/09/2022,158.95,ONLINE,East,PayPal,
1065,CUST0150,17-04-2022,59.69,In-Store,East,Cash,
1709,CUST0227,2026-03-29,155.72,Online,North,Debit Card,A
340,CUST0055,12/27/2021,N/A,In-Store,South,PayPal,
2047,CUST0278,2023-09-11,96.16,In-Store,North,Credit Card,
1000,CUST0145,11/19/2024,140.95,Online,South,Credit Card,
2601,CUST0356,2022/05/01,84.2,Instore,East,PayPal,
2678,CUST0365,04/16/2024,135.39,In-Store,South,PayPal,
3551,CUST0474,2023/01/02,118.43,Online,East,Credit Card,
3565,CUST0476,2026/05/10,99.96,,East,Credit Card,
1928,CUST0264,2026-02-24,175.53,Online,South,Cash,B
1980,CUST0272,2026-03-15,190.8, In-Store,east,Cash,B
3610,CUST0480,2025-12-20,171.13,Online,East,PayPal,
1166,CUST0164,21-02-2026,134.19,ONLINE,North,Credit Card,B
2419,CUST0333,2023-02-17,59.88,Online,East,Credit Card,
3214,CUST0430,2024-11-06,180.78,Online,South,Credit Card,
1093,CUST0155,2024/08/06,133.48,Instore,West,Credit Card,
1679,CUST0223,2026/06/07,127.05,Online,East,Debit Card,
1218,CUST0171,2022-06-21,$142.33,Online,North,Cash,
1923,cust0261,15-08-2025,80.74,In-Store,east,Debit Card,
855,CUST0126,11/13/2025,120.48,Online,East,Credit Card,
237,CUST0037,10-04-2024,114.85,IN-STORE,East,Debit Card,
369,CUST0057,2024-03-04,105.72,In-Store,South,Debit Card,
3079,CUST0413,2022/07/22,88.32,In-Store,South,Debit Card,
634,CUST0097,2026/07/30,142.36,Online,North,Cash,
2906,CUST0389,07/03/2025,115.45,online,west,PayPal,
105,CUST0016,2026-02-20,83.93,In-Store,North,Credit Card,
971,CUST0137,19 Jul 2026,177.86, In-Store,East,Debit Card,
757,CUST0111,11-07-2024,164.08,Online,North,Debit Card,
1477,CUST0198,15 Jun 2024,112.37,Online,west,PayPal,
2930,CUST0392,12-08-2024,101.27,Online,South,Credit Card,
907,CUST0131,2023/02/23,70.83,In-Store,East,Credit Card,
1761,CUST0233,29-12-2025,82.28,Online,SOUTH,PayPal,
908,CUST0131,2025-06-14,83.34,In-Store, East,Debit Card,
58,CUST0008,08-01-2023,99.28,Instore,East,Cash,
2684,CUST0365,2022-07-13,107.09,In-Store,South,Debit Card,
489,CUST0078,2023/12/05,159.87,Online, East,Cash,
1148,CUST0161,20 Mar 2026,167.98,In-Store, East,Debit Card,B
883,CUST0130,14-08-2021,148.24, In-Store,North,Cash,
702,CUST0106,2021/07/07,131.82,In-Store,South,Credit Card,
3485,CUST0465,2023-11-19,86.83,Instore,North,Credit Card,
1493,CUST0200,15 Dec 2023,,In-Store,East,Credit Card,
3282,CUST0440,2023-08-18,90.35,In-Store,North,Credit Card,
1912,CUST0259,2024/07/18,167.13,In-Store,South,Debit Card,
2496,CUST0342,01 Mar 2026,125.23,In-Store,north,PayPal,
1609,CUST0217,2024-04-03,178.78,Online,west,Debit Card,
195,CUST0030,06/27/2023,204.5,ONLINE,South,Cash,
894,CUST0130,2023-11-29,,online,North,Credit Card,
2462,CUST0338,17-08-2025,177.96,In-Store,North,Credit Card,
2238,CUST0309,05 Jun 2026,132.32,Online,East,Cash,
226,CUST0035,01/19/2025,138.71,Online,East,Credit Card,
2401,CUST0332,03/03/2021,57.78, Online, North,Debit Card,
803,CUST0117,12 Mar 2021,62.25,Online,south,Cash,
1652,CUST0221 ,30 Dec 2025,$227.20,Online,East,Debit Card,
1811,CUST0238,2024/12/18,172.49,Online,North,Credit Card,
62,CUST0008,14-04-2022,98.5,Online,East,Cash,
1448,CUST0195,2023-05-20,114.5,Online,West,Cash,
3378,CUST0452,12/05/2025,130.24,Online,South,Debit Card,
1194,CUST0167,05/30/2023,86.75,In-Store,North,Credit Card,
3361,CUST0446,02/17/2025,unknown,Online,East,Cash,
2744,CUST0369,05/02/2023,80.66,ONLINE,SOUTH,Cash,
1336,CUST0183,06-12-2023,89.29,ONLINE,West,Debit Card,
493,CUST0079,2023-10-20,167.83,Online,North,PayPal,
2886,CUST0387,2021/12/06,61.44,In-Store,SOUTH,PayPal,
3593,CUST0479,10/05/2023,136.74,Online,East,,
1450,CUST0195 ,2026-05-22,199.72,online,west,Credit Card,
1127,CUST0159,29-04-2024,,IN-STORE,North,PayPal,
713,CUST0108,2023/02/07,109.61,In-Store,West,Cash,
2296,CUST0316,22 Jul 2024,94.81,IN-STORE,South,Credit Card,
1952,CUST0267,07-06-2024,112.38,In-Store,East,Debit Card,
3232,CUST0432,05/01/2025,88.28,In-Store,West,PayPal,
1703,CUST0226,07/26/2025,203.23,In-Store,North,Credit Card,
2682,CUST0365,2025-06-12,143.84,In-Store,South,Debit Card,
1608,CUST0217,04 Jun 2023,68.79,In-Store,West,Debit Card,
1349,CUST0184,11/03/2025,76.76,In-Store,South,Credit Card,
1368,CUST0185,2025/11/17,205.96,online,West,Credit Card,
710,CUST0107,03 May 2023,101.52,in-store,South,Credit Card,
2376,CUST0327,2022-11-18,124.96,in-store,North,Credit Card,
2281,CUST0314,2026-04-20,158.72,Online,East,Debit Card,
1042,CUST0149,2023-09-02,90.45,Online ,South,PayPal,
1323,CUST0181,07/17/2023,142.28,Online,West,PayPal,
481,CUST0076,15 Nov 2025,116.33,In-Store,South,Credit Card,
2519,CUST0347,02/22/2023,135.48,Online,East,Debit Card,
2115,CUST0289,30-05-2026,148.03,ONLINE,West,PayPal,
2075,CUST0284,03/01/2025,94.97,In-Store,North,PayPal,
2817,CUST0381,2024-06-20,48.95,Online,East,Credit Card,
2579,CUST0354,2026/03/29,181.59,Online,East,Debit Card,B
3606,CUST0480,2024/09/24,131.24,In-Store,East,PayPal,
2575,CUST0353,2023-06-12,$209.24,online,West,PayPal,
457,CUST0075,01/06/2025,144.95,Online,North,Debit Card,
1019,CUST0147,04/18/2024,150.32,Online,East,Credit Card,
862,CUST0127,29 Nov 2024,155.38,IN-STORE,South,Cash,
2068,CUST0283,2025/10/08,174.98,online,North,PayPal,
760, CUST0111,2024/02/28,124.11,Online,North,PayPal,
1237,CUST0173,04/02/2024,41.0,IN-STORE,North,Cash,
2489,CUST0341,14 Apr 2022,123.54, Online,North,Debit Card,
2120,CUST0290,2024-12-09,93.79,Online,East,Credit Card,
799,CUST0116,2025-11-02,78.42,In-Store,south,Cash,
2580,CUST0354,12-06-2023,55.78,In-Store,East,Credit Card,
686,CUST0104,28 Oct 2024,118.88,Online,south,Debit Card,
1340,CUST0183,21-01-2022,118.61, Online,West,PayPal,
1489,CUST0200,21 Nov 2021,136.84, Online,East,Credit Card,
2081,CUST0287,2023-06-13,42.58,Online,west,Cash,
1915,CUST0259,09/17/2024,113.77,In-Store,South,PayPal,
2706,CUST0366,04/12/2022,132.05,ONLINE,West,PayPal,
146,CUST0022,17-02-2025,11.99,in-store,South,Credit Card,
3505,CUST0466,12/23/2022,86.26,Online,North,Credit Card,
2735,CUST0368,20 Jul 2020,,online,East,Credit Card,
1417,CUST0190,2026/06/05,122.42,Online,North,PayPal,
121,CUST0018,2024-09-16,120.81,In-Store,WEST ,Debit Card,
1714,CUST0227,12/22/2024,107.09,Online,North,Credit Card,
2377,CUST0327,02/04/2026,$144.61,In-Store,North,Credit Card,B
3479,CUST0464,02/07/2025,-89.59,In-Store,North,Credit Card,
539,CUST0085,07 Feb 2024,113.8,Online ,West,PayPal,
517,CUST0083,2026/07/03,164.67,In-Store,north,Cash,
1034,CUST0148,2025/08/02,38.62,Instore,West,Credit Card,
2400,CUST0332,17 Feb 2023,91.61,In-Store,North,Cash,
943,CUST0134,2025-10-31,98.17,Instore,East,PayPal,
2612,CUST0357,2025/12/10,143.85,In-Store,South,Cash,
2251,CUST0311,05/25/2025,77.48,In-Store,West,Cash,
1313,CUST0181,07/08/2022,136.37,Online,West,PayPal,
96,CUST0014,03 Dec 2024,135.02,Online,North,Debit Card,
1681,CUST0224,,147.03,,North,Credit Card,
1406,CUST0188,2025/10/17,174.6, In-Store,West,Credit Card,
868,CUST0128 ,09/30/2025,90.71, In-Store,East,Credit Card,
2434,CUST0334,2025/07/10,133.43,Online,South,Credit Card,
2435,CUST0334,01/17/2025,151.74,,South,PayPal,
1010,CUST0146,2023/10/01,108.92,In-Store,South,Credit Card,
1064,CUST0150,19 Sep 2021,102.87,Online,East,Debit Card,
731,CUST0109,26 Feb 2026,220.45,In-Store,East,Credit Card,A
3178,CUST0426,2024-08-21,184.53,Online,North,Credit Card,
290,CUST0046,2026/03/04,175.2,Instore,South,Credit Card,B
1147,CUST0161,07 Feb 2023,103.1, In-Store,East,Credit Card,
529,CUST0084,2025/02/26,114.43,Instore,East,Credit Card,
594,CUST0094,2025-12-29,133.53,ONLINE,North,Debit Card,
3345,CUST0444,12/13/2021,115.91,in-store,East,Debit Card,
411,CUST0066,02 Nov 2023,122.59,Online,south,Credit Card,
1469,CUST0197,31-05-2025,197.02,In-Store,,Debit Card,
3284,CUST0440,15-03-2025,180.79,In-Store,North,Debit Card,
2787,CUST0377,2024-01-17,89.4,IN-STORE, East,PayPal,
2963,CUST0395,2024-11-07,166.67,In-Store,South,Credit Card,
972,CUST0138,2026/07/19,168.08,Online,South,Credit Card,
626,CUST0097,2024/06/20,155.88,Online,North,Cash,
447,CUST0072,03 Feb 2024,51.32,In-Store,East,PayPal,
308,CUST0049,30-06-2025,150.14,In-Store,West,Debit Card,
352,CUST0055,03/30/2024,-114.39,In-Store,South,Debit Card,
705,CUST0107,08/08/2023,91.72,online,south,PayPal,
1913,CUST0259,2024-06-30,91.72,In-Store,South,Credit Card,
1412,CUST0189,01/14/2024,119.06, Online,West,Credit Card,
1466,CUST0197,03 Dec 2023,92.15,In-Store,East,Debit Card,
3066, CUST0411,10/20/2024,83.01,ONLINE,North,Credit Card,
3491,CUST0465,09/07/2022,121.76,In-Store,North,Cash,
753,CUST0111,2020-09-16,69.8,Online,North,Debit Card,
1339,CUST0183,2022-01-19,140.03,Online,WEST ,PayPal,
712,CUST0107,04 May 2023,104.97,Online,South,PayPal,
832,CUST0121,2025/12/26,147.81,Online ,North,Debit Card,
149,CUST0022,26-08-2025,N/A,Online,South,PayPal,
3207,CUST0429,2024/08/11,147.71,Online,SOUTH,Debit Card,
3095,CUST0415,2023-10-27,72.68,In-Store,East,Debit Card,
3563,CUST0476,2026-01-11,150.48,Instore,East,PayPal,
1651,CUST0221,19-06-2022,147.17,Online,East,Credit Card,
1587,CUST0213,N/A,120.24,Online,South,Credit Card,
3160,CUST0423,2024-07-10,130.08,Online,NORTH,Credit Card,
361,CUST0056,2026/04/20,137.83,In-Store,South,Credit Card,B
144,CUST0022,08/03/2025,207.76,Online,south,Debit Card,
547,CUST0086,31-07-2025,148.8,,West,PayPal,
2561,CUST0352,2025/04/30,198.98,Online,East,PayPal,
1171,CUST0164,2024/11/11,121.1,In-Store,North,Credit Card,
3067,CUST0411,06/05/2024,142.72,Online,North,Credit Card,
2240,CUST0309,2026/01/23,189.42,Online,East,Credit Card,
2226,CUST0306,16-06-2025,139.91, Online,West,PayPal,
592,CUST0094,20-11-2020,139.17, Online,North,Credit Card,
2957,CUST0395,02-11-2024,145.18,Online,SOUTH,Cash,
155,CUST0024,05 Sep 2023,$161.89,Online,West,Credit Card,
1307,CUST0180,2025-02-18,62.89,In-Store,West,PayPal,
372,CUST0057,09 Aug 2021,80.46,Online,South,Credit Card,
2417,CUST0333,30-10-2024,50.78,Online,East,PayPal,
3408,CUST0454,30 Jul 2025,104.61,ONLINE,North,Credit Card,
1024,CUST0147,01/21/2026,162.65,Online ,East,Cash,
3328,CUST0443,2025-08-17,165.24,Online,East,PayPal,
1884,CUST0253,12-01-2022,71.21,In-Store,South,Debit Card,
2177,CUST0297,2024-02-18,170.46,In-Store,NORTH,Cash,
740,CUST0110,31-03-2025,100.96,In-Store,North,Credit Card,
2342,CUST0323,2023/01/15,$89.84,Online,North,PayPal,
1961,CUST0268,2023/03/07,185.38,In-Store,East,Credit Card,
2148,CUST0294,2023/08/18,171.19,In-Store,East,Credit Card,
1356,CUST0184,07/04/2026,136.9, In-Store,South,Debit Card,
1705,CUST0226,11/08/2024,129.99,In-Store,North,Credit Card,
2610, CUST0357,2025-05-30,130.19,online,South,Debit Card,
2135,CUST0292,2026/04/05,126.62,Online,North,Credit Card,B
1418,CUST0190,13 Jun 2026,125.19,In-Store,North,Debit Card,
3173,CUST0425,02-06-2023,108.44,Online,South,Credit Card,
3084,CUST0413,13 May 2026,136.74, In-Store,South,Credit Card,
2112,CUST0289,23 Mar 2026,137.63,Online,West,Debit Card,
2749,CUST0370,2026/03/08,71.4,In-Store,West,Debit Card,A
1129,CUST0159,09 Oct 2025,153.07,Online,north,Credit Card,
1436,CUST0194,18 May 2023,98.47,Online,South,Debit Card,
3070,CUST0412,03 Nov 2022,67.63, In-Store,North,Debit Card,
1594,CUST0214,09-10-2021,90.96,In-Store,North,Debit Card,
1948,CUST0266,03 Oct 2024,122.57,In-Store,East,Debit Card,
3123,CUST0418,06-09-2024,131.66,Online,South,Debit Card,
3529,CUST0471,2026-03-21,106.7,In-Store,East,Debit Card,A
1470,CUST0197,2024-09-13,106.64,Instore,East,Credit Card,
2618,CUST0358,27 Feb 2023,112.59, Online,North,Cash,
564,CUST0089,2026/01/19,131.68,ONLINE,North,Debit Card,
110,CUST0017,03/15/2024,$109.16,Online,South,Debit Card,
2969,CUST0397,05/08/2023,46.01,In-Store,North,Credit Card,
3194,CUST0428,2025/05/22,177.93,in-store,west,Debit Card,
1568,CUST0209,2024-01-25,196.63,Online,East,Credit Card,
2037,CUST0277,12 Feb 2026,136.94,Online,south,Credit Card,
1581,CUST0212,29-04-2024,77.32,Online,South,Credit Card,
1941,CUST0266,07/31/2024,116.29,Online ,East,Debit Card,
203,CUST0032,2026-06-06,170.81,Online,SOUTH,Credit Card,
2831,CUST0382,2024/11/23,148.11,Online,south,Credit Card,
425,CUST0067,28 Apr 2024,104.76,In-Store,West,Credit Card,
3088,CUST0414,06/11/2025,168.7,Online,East,PayPal,
193,CUST0030,2022/06/26,160.43,Online,South,PayPal,
1198,CUST0168,02/18/2026,149.07,In-Store,North,Cash,A
3083,CUST0413,07/27/2024,138.78,In-Store,south,Credit Card,
520,CUST0083,2026/04/30,119.09,in-store,North,Credit Card,B
2384,CUST0329,12/09/2024,140.2, In-Store,East,Debit Card,
1847,CUST0245,07/15/2026,222.6,Online,North,Debit Card,
2732,CUST0368,23 May 2024,192.21,Online,East,Credit Card,
559,CUST0088,02 May 2021,22.23,In-Store,WEST ,Debit Card,
709,CUST0107,2026-03-24,-,Online,South,Credit Card,B
38,CUST0007,2022/10/01,199.52,Online,North,PayPal,
426,CUST0067,2025/01/08,164.78,In-Store,West,Credit Card,
2214,CUST0305,2023/10/13,106.85,Online,West,Credit Card,
3509,CUST0467,09/17/2025,-46.59,online,East,Credit Card,
2290,CUST0315,28-09-2020,89.97,In-Store, North,Credit Card,
109,CUST0017,01/13/2023,178.17,Online,South,PayPal,
498,CUST0079,2025/09/24,92.96,Online,North,Cash,
3562,CUST0476,2025/12/17,128.27,Online,East,PayPal,
2681,CUST0365,2023-04-12,148.13,In-Store,South,Cash,
2211,CUST0305,14 Oct 2024,107.33,In-Store,West,Credit Card,
3047,CUST0408,02-10-2024,89.37,online,South,Debit Card,
1813,CUST0238,12 May 2024,120.11,online,north,Credit Card,
1604,CUST0215,04-12-2024,137.4,,South,Debit Card,
1050,CUST0149,20 Jul 2026,179.57,Online,south,Credit Card,
1982,CUST0273,13-12-2025,-169.65,In-Store,South,PayPal,
3588,CUST0479,2023-07-21,113.75,In-Store,east,Credit Card,
1605,CUST0215,2024/02/16,118.04,ONLINE,South,Debit Card,
246,CUST0037,2021-12-26,156.42,IN-STORE,east,Credit Card,
734,CUST0110,2023/06/21,116.14,,north,Credit Card,
764,CUST0113,17-08-2024,173.21,In-Store,South,Credit Card,
281,CUST0045,16 Mar 2024,-70.04,Online,West,Credit Card,
3044,CUST0408,24-02-2025,103.52,online,South,,
254,CUST0039,09/02/2024,135.19, Online,West,Debit Card,
550,CUST0087,2025/06/14,162.14,Online,West,Credit Card,
3266, CUST0439,2024-02-17,96.83,In-Store,NORTH,Debit Card,
1462,CUST0196,26-06-2023,74.28, Online,South,Credit Card,
1759,CUST0232,2026/02/27,139.0,ONLINE,West,Debit Card,B
3059,CUST0410,03-11-2025,125.74,Online,East,Credit Card,
1642,CUST0220,08-08-2022,98.32,Online,South,PayPal,
2608,CUST0356,05/28/2024,92.01,ONLINE,east,Cash,
394,CUST0063,2025-08-14,185.71,Online,SOUTH,Debit Card,
3287,CUST0440,2025/03/03,193.32,Instore,North,Credit Card,
387,CUST0062,11 Mar 2025,70.65,In-Store,SOUTH,Credit Card,
772,CUST0113,2025/04/16,182.6,Online,South,PayPal,
829,CUST0121,2025-02-15,68.82,Online,North,Cash,
182,CUST0029,07-02-2023,107.31,Online,East,Credit Card,
3421,CUST0457,2026-06-25,116.64,Online,North,Debit Card,
3584,CUST0478,05 Dec 2021,113.35,In-Store,East,Credit Card,
3161, CUST0424,2022-07-27,71.32,In-Store,West,Credit Card,
2921,CUST0391,2026-01-27,1150.64,in-store,West,Debit Card,
1440,CUST0195,08-03-2023,150.65,Online,West,Credit Card,
420,CUST0066,01/17/2025,75.58,Online,South,Debit Card,
2968,CUST0397,27 Oct 2023,84.8,In-Store,North,Cash,
1771,CUST0234,2026/05/17,128.9,Online,North,Credit Card,
1003,CUST0145,2025/11/03,$81.35,Online,SOUTH,Debit Card,
3578,CUST0478,26-05-2026,161.81,In-Store,East,Debit Card,
1917,CUST0259,10/11/2023,140.59,In-Store,South,PayPal,
1319,CUST0181,2023-05-08,138.48,In-Store,West,Debit Card,
1548,CUST0207,2024/05/29,177.04,in-store,South,Credit Card,
573,CUST0092,2026-02-28,172.3,Online,West,PayPal,B
1787,CUST0237,2023/09/30,59.06,In-Store,North,Cash,
741,CUST0110,19-12-2023,85.21, Online,North,Debit Card,
278,CUST0045,05/30/2023,109.84,Online,west,Cash,
3425,CUST0457,24 Apr 2025,132.94,In-Store,North,Debit Card,
1687,CUST0225,05-10-2025,124.52,Online,North,Debit Card,
1532,CUST0206,2020-04-06,128.49,Online,North,Credit Card,
2340,CUST0323,2023-07-07,126.76,Online,North,Debit Card,
2533,CUST0348,07/29/2023,93.84,Online,West,Credit Card,
1889,CUST0253,08/28/2020,89.78,In-Store,South,Debit Card,
378,CUST0060,11-12-2025,83.52,In-Store,South,Credit Card,
1184,CUST0166,2025-10-10,136.01, In-Store,WEST ,PayPal,
2622,CUST0359,06-01-2024,151.83,In-Store,WEST ,Credit Card,
667,CUST0102,12/17/2023,53.41, In-Store,West,Credit Card,
1577,CUST0212,25-01-2025,90.36,Online,South,PayPal,
1885,CUST0253,2023/01/25,119.98,In-Store,south,PayPal,
1622,CUST0218,2024/02/18,112.09,In-Store,North,Debit Card,
659,CUST0100,08 Apr 2023,52.08,Online,South,PayPal,
1891, CUST0253,2023-10-05,147.93,Online,south,Credit Card,
80,CUST0010,2025/04/28,$123.12,in-store,South,Credit Card,
3367,CUST0446,12-03-2025,32.65,In-Store,East,Debit Card,
3197,CUST0429,06/05/2022,69.05,Online,South,Debit Card,
2479,CUST0340,25 Feb 2022,173.12,Online,East,Debit Card,
2347,CUST0324,01/24/2024,142.07,ONLINE,South,Debit Card,
916,CUST0132,2025/03/12,168.6, In-Store,South,Credit Card,
1968,CUST0270,28 Mar 2024,81.61,Online ,West,PayPal,
3127,CUST0418,2022/09/15,151.61,Online ,South,Debit Card,
1399,CUST0187,06 Mar 2022,83.2,Online,East,Debit Card,
2271,CUST0312 ,17 Dec 2024,85.26,Online,West,Debit Card,
1902,CUST0254,17-05-2025,190.69,Online,,Debit Card,
2734,CUST0368,2024-07-10,131.36,Online,East,Debit Card,
3137,CUST0420,09/09/2022,109.5,In-Store,SOUTH,Debit Card,
1169,CUST0164,22-04-2024,139.55,Instore,North,Debit Card,
1180,CUST0165,2023/04/18,2359.45,In-Store,South,Credit Card,
1994,CUST0274,01 Aug 2022,120.2,In-Store,East,Credit Card,
1746,CUST0230,22-01-2026,132.57,online, North,PayPal,
3339,CUST0444,16 Apr 2023,59.91,In-Store,East,PayPal,
1553,CUST0208,22 Jun 2025,96.91,Instore,North,Credit Card,
2695,CUST0365,2024/06/08,118.88,In-Store,South,Credit Card,
2344,CUST0323,2021-11-23,56.19,Online,North,Debit Card,
323,CUST0052,29 May 2023,108.93,In-Store,north,PayPal,
784,CUST0114,04 Jun 2023,146.07,Online,east,Credit Card,
1954,CUST0267,26 Dec 2024,131.21,In-Store,East,Credit Card,
744,CUST0110,2025/10/19,61.76,In-Store,North,Credit Card,
328,CUST0052,08/02/2026,98.85,ONLINE,North,Credit Card,
767,CUST0113,06 Apr 2025,158.95,Online,South,PayPal,
3261,cust0438,2022/07/14,161.27,Online,SOUTH,PayPal,
46,CUST0007,16 Oct 2022,186.07,Online,North,PayPal,
2937,CUST0392,02-07-2025,-164.65,online,South,Debit Card,
2849,CUST0384,2023/01/02,170.95,In-Store,west,PayPal,
2293,CUST0316,2024-07-13,191.42,Online,South,Credit Card,
3327,CUST0443,08/29/2023,156.53,Online, East,PayPal,
3286,CUST0440,25 May 2026,162.74,In-Store,North,Cash,
789,CUST0115,23-01-2025,98.38,Online,West,Cash,
2204,CUST0303,22-07-2021,, Online,South,Cash,
1430,CUST0192,2025/12/15,71.6,ONLINE,South,Cash,
1991,CUST0274,07 Nov 2022,118.4,In-Store,East,PayPal,
1244,CUST0174,09 Aug 2023,109.88,Online,South,Debit Card,
3473,CUST0462,06 Jan 2025,127.18,In-Store,North,Debit Card,
122,CUST0018,2026/07/27,103.86,In-Store,West,Debit Card,
1967,CUST0269,06/08/2026,134.06,Online,North,Debit Card,
724,CUST0108,2024-12-24,1398.68,In-Store,West,PayPal,
1899,CUST0254,30 Jan 2026,166.84,Online,NORTH,Credit Card,
1289,CUST0179,09 Jul 2021,1882.63,In-Store,West,Credit Card,
1252,CUST0174,2024-03-13,154.42,Online,South,PayPal,
1872,CUST0251,21 Nov 2025,87.39,In-Store,South,Credit Card,
852,CUST0126,11/07/2023,124.92,Online,East,PayPal,
1641,CUST0220,2025-08-17,119.97,Online,South,Debit Card,
3187,CUST0427,08/19/2023,151.7,Online,North,Debit Card,
2927,CUST0391,11-09-2024,179.7,,west,Debit Card,
1322,CUST0181,08/31/2023,$189.81,Instore,West,PayPal,
3183,CUST0426,10-12-2023,92.79,Online,North,Cash,
773,CUST0113,2024/07/14,129.52,In-Store,south,PayPal,
627,CUST0097,2026/02/04,163.8,Online,North,PayPal,A
1897,CUST0254,2024/09/12,122.15,online,North,Debit Card,
700,CUST0106,2020-03-23,$90.97,In-Store,South,Credit Card,
1431,CUST0193,04 Mar 2026,134.1,Online,South,Debit Card,B
1515,CUST0204,2026-01-14,141.03,In-Store,South,Debit Card,
17,CUST0003,10 May 2026,148.86,Online,West,Cash,
3608,CUST0480,06/22/2024,$115.02,Online,East,Debit Card,
895,CUST0130,13-07-2021,147.69,Online,North,Credit Card,
2620,CUST0359,2026-04-11,138.49,Online,West,Debit Card,B
148,CUST0022,12-07-2024,118.09,Online,South,Debit Card,
3204,CUST0429,01/21/2024,109.21,Online,South,Debit Card,
3196,CUST0428,01/22/2026,183.83,Online,West,Credit Card,
423,CUST0067,2024/06/13,150.89,Online,west,Credit Card,
3373,CUST0447,15-07-2024,109.15,Online,North,Debit Card,
2799,CUST0378,2025-11-08,126.3,Instore,East,Debit Card,
1926,CUST0263,06-06-2026,161.25,Online,north,Credit Card,
1134,CUST0160,2023/05/08,139.29,In-Store,North,Credit Card,
316,CUST0050,2026/04/15,143.24,Online,North,Credit Card,A
3418,CUST0457,10 Feb 2025,167.94,Online,North,Debit Card,
438,CUST0069,11-01-2025,105.4,In-Store, East,Debit Card,
2613,CUST0358,17 Feb 2026,67.57,ONLINE,North,Debit Card,B
2414,CUST0333,05/04/2022,151.77,in-store,East,Credit Card,
2425,CUST0334,2022/02/01,82.04,Online,South,Debit Card,
2333,CUST0323,12/01/2023,86.77,Online,North,Credit Card,
143,CUST0021,10/30/2024,145.86,Online,North,Cash,
664,CUST0102,2023-11-15,156.4,In-Store,West,Credit Card,
2421,CUST0333,2021-07-27,124.68,Online,East,PayPal,
111,CUST0017,04-12-2023,160.07, Online,South,Debit Card,
3280,CUST0440,11-04-2023,82.42,Online,North,Debit Card,
706,cust0107,2023-06-09,222.63,Online,south,Debit Card,
1584,CUST0213,2025-09-12,135.7,Online,South,Credit Card,
2108,CUST0289,2024-12-28,206.6,,West,Credit Card,
3003,CUST0404,12/14/2023,93.03,In-Store,NORTH,Cash,
715,CUST0108,2023-09-21,84.94,Online,West,Credit Card,
1231,CUST0172,2023/06/26,59.46,In-Store,South,Credit Card,
3329,CUST0443,08 Nov 2025,61.71,online,East,Credit Card,
427,CUST0068,21-10-2023,55.45,Online,East,Credit Card,
2941,CUST0393,07-06-2024,91.49,ONLINE,North,Credit Card,
3404,CUST0454,04/27/2022,133.47,In-Store,North,Credit Card,
1474,CUST0198,02-11-2021,131.0,In-Store,West,Credit Card,
1400,CUST0187,10 Dec 2023,154.57,Online, East,Debit Card,
1080,CUST0152,03/09/2025,114.65,In-Store,South,PayPal,
2173,CUST0297,27-02-2023,128.65, In-Store,North,Cash,
2611,CUST0357,2025-10-16,65.45, In-Store,South,Credit Card,
3574,CUST0477,26 Apr 2023,104.04,Online,West,Credit Card,
2089,CUST0287,08 Jun 2023,169.06,In-Store,,Credit Card,
1500,CUST0201,03/16/2024,122.81,In-Store,,PayPal,
2130,CUST0291,10/03/2023,101.35,In-Store,North,Credit Card,
1971,CUST0270,14-09-2023,82.32,Online,West,Debit Card,
3493,CUST0465,2022-02-16,151.77,Online,North,Credit Card,
2044, CUST0278,2021/09/12,139.44,online,North,Cash,
213,CUST0033,2024-04-14,22.81,in-store,West,Credit Card,
72,CUST0009,2025-12-11,6.24,Online,North,Cash,
1178,CUST0165,08-09-2022,146.64,Online,South,Credit Card,
1045,CUST0149,13 May 2022,115.63,ONLINE,South,Debit Card,
2609,CUST0356,02/09/2023,,In-Store,East,Credit Card,
1708,CUST0227,2023-08-04,139.52,Online,North,Debit Card,
3474, CUST0462,06-04-2022,176.13,Online,North,Credit Card,
745,CUST0110,2025/09/30,171.1,Online,North,Credit Card,
2833,CUST0382,2023-11-02,89.1,Online,South,PayPal,
2458,CUST0338,2024/02/21,78.06, Online,North,Debit Card,
2532,CUST0348,2025-10-30,206.58,Online,West,PayPal,
2609,CUST0356 ,2023/02/09,164.22,in-store,east,,
2851,CUST0384,2022/04/15,72.11,Online,WEST ,Debit Card,
2650,CUST0362,05 Jan 2021,79.12,In-Store,South,Debit Card,
2585,CUST0354,06-06-2022,96.06,Instore,East,Credit Card,
2219,CUST0305,2024/06/30,105.29,In-Store,West,Credit Card,
3024,CUST0406,07/01/2021,157.54,Online,North,Credit Card,
2232,CUST0308,2024/11/08,120.17,Online,East,Credit Card,
3153,CUST0423,28 Aug 2025,-,Online,NORTH,Debit Card,
127,CUST0019,18 Sep 2022,159.51,IN-STORE,South,Cash,
1327,CUST0182,09 Jun 2024,124.39, Online,South,Credit Card,
313,CUST0049,10/27/2025,182.3,Online,West,Debit Card,
3001,CUST0404,03-12-2024,141.94,In-Store,North,Debit Card,
2587,CUST0354,2023-03-04,92.53,In-Store,East,Cash,
103,CUST0015,2025-09-17,131.74,IN-STORE,North,Credit Card,
2877,CUST0387,11 Jul 2025,145.21,Online ,South,Credit Card,
2814,CUST0380,10/27/2025,108.68,IN-STORE,South,Credit Card,
791,CUST0115,06/19/2022,95.06,In-Store,West,Credit Card,
3312,CUST0441,11/29/2020,131.96,Online, East,Credit Card,
2988,CUST0400,13-08-2025,133.43,In-Store, North,PayPal,
430,CUST0068,07/30/2025,82.26,In-Store,East,Cash,
1662,cust0222,03 Nov 2023,134.88,Online,North,Credit Card,
1456,CUST0196,2023/11/24,148.45,Online,South,Credit Card,
1405,CUST0188,15 Oct 2024,121.54,Instore,West,Credit Card,
3487,CUST0465,2023-10-29,124.38,IN-STORE,NORTH,Credit Card,
2258,CUST0311,14-03-2025,100.12,Instore,West,Credit Card,
1557,CUST0209,2021-06-22,104.01,online,East,Debit Card,
2284,CUST0315,2020/12/13,27.88,IN-STORE,North,Cash,
2946,CUST0393,2024/10/22,154.64, Online, North,Credit Card,
2768,CUST0374,17 Jun 2021,71.57,Instore,North,PayPal,
2494,CUST0342,2024-02-19,85.86,IN-STORE,North,Debit Card,
1179,CUST0165,23 Sep 2024,170.95,In-Store,South,Credit Card,
2225,CUST0306,2026/07/09,197.39,Online,west,Credit Card,
1621,CUST0218,2022/08/16,134.83,in-store,North,PayPal,
1694,CUST0226,07-06-2025,$134.17,In-Store,North,PayPal,
2008,CUST0276,2022/02/10,96.77,In-Store,West,PayPal,
2260,CUST0312,03 Mar 2024,95.07,In-Store,West,Cash,
615,CUST0096,2025/03/30,197.96,IN-STORE,west,Credit Card,
3324,CUST0443,28-09-2021,2618.83,Online, East,Credit Card,
2500,CUST0342,24-12-2025,126.52,In-Store,north,Cash,
2727,CUST0368,03/26/2026,103.85, Online,East,Debit Card,B
2675,CUST0364,12/23/2021,18.18,In-Store,SOUTH,Debit Card,
2578,CUST0354,2023/12/16,5.0,In-Store,East,Credit Card,
2581,CUST0354,2023-07-20,85.64,Online ,East,Debit Card,
3290,CUST0440,07/20/2025,206.3,In-Store,North,Credit Card,
3316,CUST0442,03 Jun 2023,107.84,Online,South,Credit Card,
2486,CUST0341,05-02-2025,134.5,Online , North,Debit Card,
563,CUST0089,2025/10/24,115.23,Online,North,Cash,
955,CUST0135,08 Oct 2023,110.82, In-Store,North,Credit Card,
2452,CUST0337,11-12-2024,144.16,ONLINE,South,Debit Card,
104,CUST0015,2023-06-16,-,In-Store,North,Debit Card,
1053,CUST0149,20-07-2025,206.03,In-Store,south,Debit Card,
2445,CUST0336,2024-07-26,80.38,In-Store,north,Debit Card,
1646,CUST0220,22-06-2023,191.15,Online,South,PayPal,
889,CUST0130,03/24/2021,209.5,Online,North,Credit Card,
2974,CUST0398,2022-12-24,107.56,In-Store,East,Cash,
776,CUST0113,26-12-2025,230.06,Online,South,PayPal,
818,CUST0117,2022-05-09,5.0,In-Store,South,Credit Card,
3221,CUST0431,27 Aug 2025,252.67,Online,North,PayPal,
630,CUST0097,10/08/2021,132.18,ONLINE,North,Credit Card,
635,CUST0097,16 Jun 2021,110.66,Online,North,Debit Card,
50,CUST0007,2022-09-03,55.49,In-Store,North,Credit Card,
1907,CUST0256,10/16/2025,127.37,In-Store, North,Debit Card,
470,CUST0076,19-08-2024,108.88, In-Store,south,PayPal,
892,CUST0130,22-01-2024,97.25,Online,North,Debit Card,
3283,CUST0440,2024/01/14,78.97,Online,North,Credit Card,
653,cust0099,2023-04-07,173.99,Online,north,Debit Card,
1203,CUST0169,04 May 2026,140.55, Online,East,Credit Card,
2019,CUST0276,06/09/2020,5.0,online,West,Debit Card,
3469,CUST0462,17 May 2024,163.9,Online,North,Debit Card,
3213,CUST0430,02-03-2026,115.93,in-store,SOUTH,Credit Card,B
2597,CUST0356,12/31/2021,68.17,Online, East,Credit Card,
73,CUST0009,2022/12/02,5.0,Online,NORTH,Credit Card,
591,CUST0094,2021-03-05,92.0,In-Store,North,PayPal,
188,CUST0030,03 Jan 2025,175.94,In-Store,South,Debit Card,
2154,CUST0294,12/28/2020,140.29,Online,East,PayPal,
743,CUST0110,16-09-2023,152.65,Online,North,Credit Card,
1914,CUST0259,01 Jul 2024,140.7,Instore,SOUTH,PayPal,
2914,CUST0390,09-12-2024,144.48, Online,North,PayPal,
794,CUST0115,2025-12-17,137.95,In-Store,West,Credit Card,
3597,CUST0479,2026-01-05,118.46,In-Store,East,PayPal,
911,CUST0131,09 Dec 2024,98.58,Online,East,PayPal,
55,CUST0007,03/04/2025,109.31,Online,North,Debit Card,
2596,CUST0356,18 Nov 2024,120.13,Online,East,Debit Card,
468,CUST0075,03/02/2026,85.01,In-Store,North,Credit Card,A
3248,CUST0436,2026/03/01,195.98, In-Store,north,Credit Card,B
2713,CUST0367,2026-01-22,133.81,Online,East,Credit Card,
2766,CUST0374,2021-07-11,152.88,Online,North,Debit Card,
1300,CUST0179,26 Aug 2022,142.25,In-Store,West,PayPal,
2410,CUST0332,29-10-2024,, In-Store,North,Debit Card,
2806,CUST0378,02-11-2024,17.07,In-Store,East,PayPal,
766,CUST0113,12-11-2022,1523.33,In-Store,South,Credit Card,
41,CUST0007,23-01-2024,147.93,Online, North,PayPal,
1060,CUST0150,2025/10/15,72.04,Instore,East,PayPal,
1106,CUST0157,26 Nov 2023,128.38,Online,South,Debit Card,
1875,CUST0252,03/24/2025,150.67, In-Store,West,Credit Card,
603,CUST0095,11/01/2022,44.58,Online,South,PayPal,
790,CUST0115,2025-03-27,79.12,In-Store,west,Cash,
1293,cust0179,26 Nov 2021,136.37,In-Store,West,Debit Card,
3517,CUST0468,12/04/2025,116.81,In-Store,West,Cash,
329,CUST0052,2024-02-23,66.98,In-Store,North,PayPal,
3245,CUST0435,2022/08/08,-,Online,East,Debit Card,
2048,CUST0278,2021-01-18,180.95,ONLINE,NORTH,PayPal,
488,CUST0078,10 Jul 2025,190.96,Online,East,Credit Card,
3195,CUST0428,05/26/2026,224.36,Online,West,Cash,
102,CUST0015,04/04/2024,75.45,In-Store,North,PayPal,
2029,CUST0277,28 Jun 2025,139.48,online,South,Debit Card,
1730,CUST0228,2025/09/20,85.26,IN-STORE,West,Credit Card,
2502,CUST0343,2025/12/23,78.35,Online,South,Cash,
2063,CUST0280,12 Sep 2024,100.01,In-Store,West,Debit Card,
1058,CUST0150,04/30/2022,130.14,Instore,East,Credit Card,
2956,CUST0395,2024/09/19,158.72,online,SOUTH,Debit Card,
1555,CUST0209,16 Feb 2022,101.77,Online,East,Cash,
719,CUST0108,2023-06-10,121.4, Online,West,Credit Card,
2572,CUST0353,2021-09-02,65.66,In-Store,West,Debit Card,
3170,CUST0425,2023/06/02,92.88,In-Store,South,Cash,
1404,CUST0188,2025/11/10,$188.92,Online,west,Credit Card,
1571, CUST0210,10 Nov 2025,104.77,in-store,South,Debit Card,
2819,CUST0381,2024-07-02,115.48,online,East,Cash,
2307,CUST0318,2023-11-17,181.18,Online, East,Credit Card,
1144,CUST0160,2025-10-09,104.04,Online,North,PayPal,
2192,CUST0301,01 May 2026,164.1,Online,South,Debit Card,
319, CUST0050,2025-12-28,118.66,Online,North,Debit Card,
2562,CUST0352,2024-09-29,69.91,In-Store,East,PayPal,
303,CUST0048,19 Nov 2024,148.34,Online,East,Credit Card,
2001,CUST0275,2025/04/28,136.87,Online,North,Debit Card,
76,CUST0010,06/22/2026,198.65,Online,south,Debit Card,
2104,CUST0288,19-04-2026,208.59,Online,North,Cash,A
969,CUST0136,02/09/2026,162.53,In-Store,North,Debit Card,A
3396,CUST0454,2026/05/20,126.28,Online,North,PayPal,
2868,CUST0386,2023/05/08,79.1,Online,East,Debit Card,
876,CUST0129 ,2023-09-06,144.24,Online,West,Debit Card,
2967,CUST0396,2025-01-08,144.52,Online,East,Cash,
2312,CUST0318,21 Jul 2025,61.09,In-Store,East,PayPal,
3260,CUST0438,04 Nov 2023,100.37,Online,South,Credit Card,
825,CUST0118,22 Jul 2026,152.58,Online,North,Credit Card,
2785,CUST0376 ,13 Mar 2026,138.49,In-Store,West,PayPal,A
2812,CUST0380,16-08-2025,85.78,In-Store,South,Credit Card,
24,CUST0004,2026/05/09,74.44,In-Store, North,Credit Card,
657,CUST0100,25-08-2024,118.04,Online,South,Credit Card,
2676,CUST0364,2024-03-28,205.67,In-Store,South,Credit Card,
375,CUST0058,2026-05-18,157.07,ONLINE,WEST ,Debit Card,
2282,CUST0315,27 Jul 2024,160.74,In-Store,North,Credit Card,
2323,CUST0322,01 May 2025,173.94,Online,West,Credit Card,
1328,CUST0182,2025-01-10,110.34,In-Store,South,Credit Card,
2025,CUST0276,26-11-2020,105.09,In-Store,West,PayPal,
3135,CUST0420,13 Nov 2022,123.24,Online,South,Credit Card,
3371,CUST0447,10/20/2025,125.25,In-Store,North,Debit Card,
859,CUST0126,2024/03/18,129.69,Online,East,PayPal,
3223,CUST0431,31-01-2024,119.43,Online,North,Credit Card,
1112,CUST0158,12-03-2026,96.99,IN-STORE, East,PayPal,A
3255,CUST0438,19 Nov 2024,188.52,Online,SOUTH,PayPal,
2406,CUST0332,2024-07-15,100.57,In-Store,North,Credit Card,
746,CUST0110,2025-12-23,144.23,Online,North,Credit Card,
2355,CUST0324,2021/07/21,,Online,South,Debit Card,
484,CUST0078,2023-07-30,131.59,Online,east,Debit Card,
3363,CUST0446,30 Apr 2025,173.82,Online,East,Credit Card,
2905, CUST0388,11-07-2022,129.77,In-Store,South,Debit Card,
2919,CUST0391,2025/07/07,119.2,In-Store,WEST ,PayPal,
2160,CUST0296,11 Mar 2025,159.83,online,West,Debit Card,
199,CUST0030,15-06-2025,81.56,online,South,Debit Card,
3379,CUST0453,06/08/2026,114.72, In-Store, East,Debit Card,
560,CUST0088,03/20/2021,62.19,In-Store,WEST ,Credit Card,
3244,CUST0435,10-10-2021,126.83,In-Store,East,Credit Card,
1074,CUST0151,26-03-2024,212.18,Online ,East,Debit Card,
1062,CUST0150,19 Feb 2021,,In-Store,East,PayPal,
1784,CUST0236,08/27/2024,130.27,Online,North,Cash,
2439,CUST0335,10/16/2025,106.44,In-Store,East,Cash,
3605,CUST0480,2024-08-15,52.94,In-Store,east,Cash,
3525,CUST0470,09 Apr 2026,170.17, In-Store,north,PayPal,A
2694,CUST0365,17 Nov 2023,5.0,IN-STORE,South,Credit Card,
2756,CUST0371,2025/02/19,79.15,Online ,SOUTH,Debit Card,
3146,CUST0422,2024-05-20,,In-Store,West,Credit Card,
2899,CUST0388,01 Jan 2026,93.29,In-Store,south,Credit Card,
1625,CUST0218,08/05/2021,68.53,In-Store,North,Credit Card,
338,CUST0054,2025/05/18,189.89,ONLINE, East,Credit Card,
1416,CUST0190,22 Feb 2026,171.74,In-Store,North,PayPal,A
905,CUST0131,06/06/2025,167.55,Online,East,PayPal,
3387,CUST0453,07/25/2021,206.43,Online,East,Debit Card,
2056,CUST0280,2025-05-02,166.94,IN-STORE,West,Debit Card,
85,CUST0010,24 Aug 2022,134.8,In-Store,south,Credit Card,
1366,CUST0185,2022/06/08,-152.86,Online,West,Cash,
132,CUST0020,14-03-2026,149.5,Online,SOUTH,PayPal,A
1332,CUST0183,20 Sep 2025,110.78,Online,West,PayPal,
1793,CUST0237,10/31/2020,61.94,IN-STORE,North,Cash,
1874,CUST0252,2024-08-05,89.89,In-Store,West,Cash,
2143,CUST0293,12/23/2022,149.79,In-Store, North,Credit Card,
2390,CUST0330,2025-11-15,157.63,Online,North,Credit Card,
1015,CUST0146,17-10-2021,97.76,In-Store,South,Debit Card,
817,CUST0117,06/25/2024,70.28,,SOUTH,Credit Card,
1984,CUST0273,14-05-2026,130.69, In-Store,South,Credit Card,
1645,CUST0220,2024-07-01,143.33,In-Store,South,Cash,
1878,CUST0252,02/16/2025,107.1,Online,West,PayPal,
1929,CUST0264,10 Jul 2025,118.03,Online,SOUTH,PayPal,
2948,CUST0394,2022/11/06,140.8,ONLINE,North,Credit Card,
205,CUST0032,2025/07/18,166.98,Online,South,Credit Card,
1439,CUST0195,09-09-2023,43.57,Online,West,Credit Card,
487,CUST0078,2026-02-10,5310.61,Online,east,Credit Card,
2127,CUST0290,24 Mar 2023,76.15,Online, East,Debit Card,
90,CUST0013,21-10-2022,140.99,In-Store,West,Debit Card,
2046,CUST0278,2021-01-06,92.64,Online,North,Credit Card,
5,CUST0001,30-08-2024,68.85,Online,NORTH,Debit Card,
63,CUST0008,13 Dec 2023,101.07,Online,East,Cash,
588,CUST0094,09-10-2020,135.14,Online,North,Debit Card,
814,CUST0117,2021/09/16,30.31,In-Store,South,PayPal,
220,CUST0034,12/20/2024,114.87,Online , East,Debit Card,
150,CUST0022,23-02-2024,114.61,In-Store,South,PayPal,
1177,cust0165,25 Jun 2024,184.37,in-store,South,Cash,
838,CUST0122,2026/03/15,190.78,In-Store,North,Credit Card,B
2356,CUST0324,03/26/2024,158.82,In-Store,South,Credit Card,
2992,CUST0402,N/A,140.93,In-Store,South,PayPal,
1338,CUST0183,18 Jun 2023,92.78,IN-STORE,west,Credit Card,
1228,CUST0172,15-06-2025,$142.26,In-Store,South,Cash,
302,CUST0048,N/A,158.61, In-Store,East,Debit Card,B
1541,CUST0207,2022/11/11,, Online,South,Credit Card,
1072,CUST0151,2024-11-25,143.33,In-Store,east,PayPal,
2556,CUST0352,28-04-2024,123.29,In-Store,East,PayPal,
1154,CUST0162,2025/07/22,99.22,Instore,East,Credit Card,
2524,CUST0347,2020-08-29,159.91,Online,East,Credit Card,
3394,CUST0454,08/26/2020,142.69,Online,North,Debit Card,
324,CUST0052,2023/04/10,101.64,In-Store,North,Cash,
1454,CUST0195,11/27/2024,49.87,In-Store,West,Debit Card,
3543,CUST0473,04/21/2026,125.47,In-Store,North,Credit Card,B
1096,CUST0155,2024-07-17,119.2,In-Store,West,Credit Card,
693,CUST0106,24-11-2021,25.9,IN-STORE,South,Debit Card,
1425,CUST0191,2025-08-03,141.75,In-Store,West,Credit Card,
3481,CUST0464,2025-02-10,122.34,Online,North,Credit Card,
3609,CUST0480,2026/06/22,154.48, Online, East,Debit Card,
1838,CUST0241,N/A,136.89,In-Store,West,PayPal,
2900,CUST0388,2025/09/04,92.14,In-Store,South,Credit Card,
1739,CUST0228,2024/06/09,95.83,Online,West,Debit Card,
3589,CUST0479,2022-04-24,114.59,In-Store, East,Debit Card,
583,CUST0093,25-03-2022,125.12,In-Store,East,Credit Card,
2746,CUST0369,2020/09/02,103.83,Online,South,Credit Card,
1626,CUST0218,2025-12-15,150.22,In-Store,North,Debit Card,
640,CUST0098,2024-09-26,70.21,In-Store,East,Debit Card,
2078,CUST0286,2025/10/26,159.43,ONLINE,South,Credit Card,
135,CUST0021,11/20/2025,168.68, Online,North,Cash,
3470,CUST0462,2026-02-04,100.37,Online, North,Credit Card,
2876,CUST0386,21-06-2025,95.84,IN-STORE, East,Debit Card,
2782,CUST0375,06/09/2021,$55.90, In-Store,South,PayPal,
952,CUST0135,02/21/2025,$99.41,Online,NORTH,Credit Card,
3498,CUST0466,2021-12-16,136.22,Online, North,PayPal,
917,CUST0132,2024-09-17,136.23,Online,South,Cash,
2697,CUST0366,08/28/2023,119.51,Online,West,PayPal,
214,CUST0033,15 Jan 2025,182.2,In-Store,West,Debit Card,
1141,CUST0160,2021/12/12,68.12,In-Store,North,Debit Card,
2259,CUST0311,20 Feb 2025,111.21,In-Store,West,PayPal,
2035,CUST0277,25 Mar 2022,147.28,Online,South,,
388,CUST0062,2025/09/05,101.54, In-Store,South,Cash,
1187,CUST0166,2026/02/07,114.94,Online,West,Cash,
3267,CUST0439,10-05-2026,129.8,In-Store,North,Debit Card,
1819,CUST0239,2026/05/11,131.56,Online,west,Credit Card,
422,CUST0066,10-01-2024,61.61,In-Store,south,PayPal,
988,CUST0142,2025-10-29,113.0,Online,South,Debit Card,
1088,CUST0153,2025-11-22,43.45,In-Store,West,Debit Card,
1361,CUST0185,21 May 2025,83.49,In-Store,west,Credit Card,
3596,CUST0479,26 May 2024,156.34,Online,East,Cash,
2716,CUST0367,11/18/2025,118.01,Online,East,Debit Card,
920,CUST0132,24 May 2022,136.2,online,SOUTH,Credit Card,
1059,CUST0150,06-01-2022,89.26,In-Store,east,Credit Card,
1742,CUST0229,2025-12-21,107.21,Online,South,Cash,
3419,CUST0457,17 Feb 2025,192.09,In-Store,North,Credit Card,
1357,CUST0184,27 Mar 2020,93.46,Instore,South,Credit Card,
2710,CUST0366,07 Dec 2022,63.3,online,West,Credit Card,
2157,CUST0296,28 Feb 2025,142.52,Online,West,Credit Card,
1932,CUST0264,02/09/2026,131.1,Online,South,Credit Card,B
2635,CUST0360,04/27/2026,184.78,Online,South,PayPal,A
2998,CUST0404,2024-08-01,122.32,Instore,North,Credit Card,
3523,CUST0469,2025/04/21,203.78,ONLINE,South,Credit Card,
1815,CUST0238,30 Aug 2024,65.08,Instore, North,Credit Card,
1661,CUST0222,21-04-2025,117.65, Online,North,Debit Card,
2839,CUST0384,23 Jan 2026,94.8,In-Store,West,PayPal,
1832,CUST0241,2023-04-23,98.91,In-Store,West,Cash,
2086,CUST0287,2025/11/24,154.55,Online,West,PayPal,
3451,CUST0461,2020-12-23,46.35,Online,South,PayPal,
1123,CUST0159,28 Oct 2025,104.41,ONLINE,North,Credit Card,
2028, CUST0277,03/21/2023,91.58,Online,SOUTH,PayPal,
1182,cust0166,2023/12/17,66.75,Instore,,Credit Card,
1519,CUST0205,29 Oct 2025,135.4,Online,South,PayPal,
1099,CUST0156,25 Feb 2025,58.78,In-Store,WEST ,PayPal,
1290,CUST0179,2023-10-13,124.4,In-Store,West,Debit Card,
879,CUST0129,2023-07-11,43.9,In-Store,West,Credit Card,
3065,CUST0411,2023/05/18,83.47,Online,North,Credit Card,
3398,CUST0454,07/01/2024,99.84, In-Store,,PayPal,
2060,CUST0280,2021/10/02,31.11,Online,West,Cash,
1380,CUST0186,20-06-2023,55.42,In-Store,North,Credit Card,
1459,CUST0196,08-12-2022,135.16,Online,South,PayPal,
1449,CUST0195,2024/08/23,190.58,ONLINE,West,Debit Card,
2379,CUST0327,2022-05-03,106.98,In-Store,NORTH,Debit Card,
3008, CUST0405,2024/10/22,128.6,Online,South,PayPal,
704,CUST0106,2022/01/30,180.34,online,SOUTH,PayPal,
306,CUST0048,26 Oct 2025,122.92,Online,East,Debit Card,
3200,CUST0429,2023/07/12,115.68,ONLINE,South,Debit Card,
2951,CUST0394,2023/08/15,121.88, Online, North,Debit Card,
1665,CUST0222,25-05-2025,92.52,Online,North,PayPal,
125,CUST0019,25 Jul 2023,16.6,Online,South,Credit Card,
381,CUST0061,30-04-2025,146.71,Online,,PayPal,
1193,CUST0167,12-12-2023,34.5,In-Store,North,Credit Card,
1919,CUST0259,06/06/2020,24.23,Online,south,PayPal,
639,CUST0097,15-08-2024,164.87,Online,North,Credit Card,
810,CUST0117,2021-08-04,62.46,In-Store,South,Credit Card,
2702,CUST0366,2025/08/15,61.36,Online,West,Credit Card,
1039,CUST0148,26-05-2023,unknown,Online,West,Debit Card,
2701,CUST0366,04 Mar 2024,116.06,In-Store,WEST ,Debit Card,
1704,CUST0226,2024-05-17,83.3,Instore,North,Credit Card,
437,CUST0069,20-09-2024,188.43,In-Store,East,Cash,
3399,CUST0454,2023-11-09,74.75,in-store,North,Debit Card,
2052,CUST0279,2023-08-20,108.87,IN-STORE,North,Credit Card,
885,CUST0130,30 Nov 2021,131.48,In-Store,north,PayPal,
847,CUST0124,04-10-2024,unknown,Online,East,Cash,
2465,CUST0338,30 Dec 2021,66.71,In-Store,North,Debit Card,
962,CUST0136,04/16/2026,166.46,In-Store,North,Cash,A
2827,CUST0382,2021-03-31,85.36,Online,South,Debit Card,
2698,CUST0366,2021-05-07,148.19,Online,West,Credit Card,
2000,CUST0275,2022-04-27,122.03,Online,North,Debit Card,
2456,CUST0338,2024-06-12,100.43,Online,NORTH,Debit Card,
2636,CUST0360,11 Nov 2023,51.72,In-Store,South,Credit Card,
3147,CUST0422,2026-07-16,110.38,Online,West,Debit Card,
2845,CUST0384,24 Nov 2025,94.97,Online,West,Credit Card,
3264,CUST0438,16 Oct 2024,89.88,Online,South,Credit Card,
1869,CUST0250,2025-08-22,121.54,In-Store,north,Debit Card,
1217,CUST0171,23 Mar 2023,128.21,Online,North,Credit Card,
2198,CUST0303,2025-02-06,156.94, Online,South,PayPal,
3080, CUST0413,2026-04-26,181.48,In-Store,South,PayPal,B
3296,CUST0441,2021/08/04,112.95, In-Store,East,Cash,
300,CUST0048,03/17/2025,157.37,Online,East,Debit Card,
3037,CUST0407,03 May 2025,140.66,In-Store,,Credit Card,
888,CUST0130,06 Aug 2020,70.77,online,North,Credit Card,
3365,CUST0446,02/12/2024,78.07,In-Store,East,Debit Card,
2289,CUST0315,18 Jan 2024,120.7,in-store, North,PayPal,
2248,CUST0311,2025-03-05,92.26,In-Store,West,Credit Card,
3277,CUST0440,04/24/2024,72.72,In-Store,North,PayPal,
2094,CUST0288,05 Mar 2025,138.27,In-Store,North,Debit Card,
2448,CUST0337,2024-07-31,57.69,in-store,South,Debit Card,
2986,CUST0400,17 Jul 2026,156.52,online,North,PayPal,
2186,CUST0299,19-06-2026,114.57,In-Store,South,Debit Card,
2594, CUST0355,17-07-2026,107.41,In-Store,east,Credit Card,
1190,CUST0167,19 Aug 2024,155.86,In-Store,NORTH,Credit Card,
1055,CUST0150,26-03-2024,37.17,In-Store,East,Debit Card,
3056,CUST0410,07 Jul 2023,119.47,Online,East,Credit Card,
2583,CUST0354,02/24/2025,136.66,ONLINE,East,PayPal,
3302,CUST0441,03/03/2021,84.94,In-Store,,Credit Card,
382,CUST0061,2024/12/25,46.05,Online,North,PayPal,
206,CUST0032,2025/12/11,78.71,In-Store,South,PayPal,
3580,CUST0478,05-11-2024,65.04,In-Store,East,PayPal,
1833,CUST0241,2026/01/12,179.52,In-Store,West,PayPal,
2687,CUST0365,10 Jun 2024,125.38,In-Store,South,Credit Card,
1909,CUST0256,24 Feb 2025,56.44,In-Store, North,Credit Card,
2497,CUST0342,2025/03/29,111.79,In-Store,North,Credit Card,
511,CUST0082,2023/05/10,100.89,Online,East,PayPal,
2472,CUST0339,2021/08/31,83.5,In-Store,South,Credit Card,
2055,CUST0279,06-05-2025,$48.30,,North,Credit Card,
1122,CUST0159,2022-05-23,95.55, In-Store, North,Credit Card,
2207,CUST0303,2021-04-05,137.86,Online,South,Credit Card,
1589, CUST0214,10/17/2021,109.51,In-Store,North,Credit Card,
33,CUST0006,23-03-2024,$122.90,Online,North,Debit Card,
3527,CUST0471,2025/10/15,114.3,IN-STORE,east,Credit Card,
2205,CUST0303,2022/05/03,124.31,Online,South,Credit Card,
2570,CUST0353,2024/11/14,95.63,Online,west,PayPal,
2007,CUST0276,03-07-2021,125.39, Online,WEST ,Credit Card,
1359,CUST0185,2022/12/05,36.29,Instore,West,Credit Card,
2539,CUST0349,2026-04-09,$123.55,Online,South,Credit Card,A
1599,CUST0215,02/27/2025,173.15,Online,SOUTH,Credit Card,
1005,CUST0145,2022-12-28,74.13,Online,South,PayPal,
1283,CUST0178,2023-12-22,154.88,In-Store,North,Credit Card,
2642,CUST0361,04/09/2026,173.2,In-Store,West,Debit Card,B
3423,CUST0457,06-08-2024,87.76,In-Store,North,Credit Card,
2475,CUST0340,04/01/2021,64.07,Online,East,PayPal,
1048,CUST0149,2022-07-05,53.22,Online,South,Debit Card,
3208,CUST0429,27-08-2023,87.13,online,South,PayPal,
2671,CUST0364,2021-05-16,104.22,In-Store,South,Credit Card,
995,CUST0144,22 May 2021,31.37,Online,south,Credit Card,
351,CUST0055,2022-02-09,129.39,Online,SOUTH,Credit Card,
407,CUST0065,07-09-2022,38.9,In-Store,East,Debit Card,
940,CUST0134,20 Sep 2022,102.33,in-store,East,PayPal,
546,CUST0086,18 Feb 2023,-87.93,Online,West,Credit Card,
3472,CUST0462,2026-05-23,174.69,Online,North,Credit Card,
3239,CUST0434,07/18/2025,128.14,In-Store,north,Credit Card,
3171,CUST0425,03/15/2023,119.03,Online,South,Credit Card,
3571,CUST0477,22 Apr 2021,123.63,Online,West,Debit Card,
682,CUST0104,2023/10/13,174.4,Online,South,Debit Card,
896,CUST0130,2021/02/26,115.27,Online,North,Credit Card,
1918,CUST0259,13 Jul 2022,$197.24,Online,South,Debit Card,
154,CUST0024,2023/04/02,167.89,Online,WEST ,PayPal,
123,CUST0018,12/09/2025,164.58,Online,West,Debit Card,
3549,CUST0474,2024/10/06,101.64,Online,East,Credit Card,
2169,CUST0297,2022/12/01,169.92,In-Store, North,Debit Card,
3295,CUST0441,2020/07/11,3535.5,Online,East,Credit Card,
2895,CUST0387,2021-10-19,144.63,Instore,South,Credit Card,
1607,CUST0217,2025-12-23,114.99, In-Store,west,Debit Card,
2649,CUST0362,02 May 2022,125.73,Online ,SOUTH,Credit Card,
2512,CUST0346,03/06/2026,106.03,online,North,PayPal,
3430,CUST0458,2024-11-07,62.58,In-Store,East,PayPal,
3012,CUST0405,25 May 2024,124.75, In-Store,South,Credit Card,
3081,CUST0413,14-09-2021,133.74,in-store,South,Credit Card,
1842,CUST0242,2024-05-17,190.1,In-Store,South,Debit Card,
1167,CUST0164,2025-09-06,,Online,North,PayPal,
1544,CUST0207,09/11/2023,110.35,In-Store,South,Credit Card,
3447,CUST0460,05/17/2023,,In-Store,east,Debit Card,
1259,CUST0175,18-07-2022,34.95,In-Store,north,Credit Card,
587,CUST0094,22 Mar 2025,131.57,Online,North,Credit Card,
1905,CUST0256,2024-04-11,$133.29,In-Store,North,Cash,
1274,CUST0177,2022/08/29,142.96,In-Store,South,Credit Card,
1770,CUST0234,20-06-2026,138.39,Online,North,Credit Card,
947,CUST0135,04/26/2021,51.11,In-Store,North,Cash,
3241,CUST0435,2024-12-13,199.5,In-Store, East,Credit Card,
3397,CUST0454,10/31/2025,144.01,Online,North,Debit Card,
2894,CUST0387,06/25/2020,141.61,IN-STORE,South,PayPal,
3530,CUST0471,2026/04/17,133.12,In-Store,East,Credit Card,B
2571,CUST0353,19-09-2024,63.97,In-Store,,Credit Card,
198,CUST0030,05-07-2023,114.99,Online ,South,Cash,
151,CUST0022,08-07-2025,109.3,In-Store,South,Debit Card,
2577,CUST0353,02-03-2023,103.77,Online,West,Credit Card,
2739,CUST0369,12 Nov 2024,106.89,In-Store,South,Debit Card,
181,CUST0029,02-02-2025,148.06,In-Store,East,Credit Card,
1805,CUST0238,2023/03/13,82.88,Online,North,Credit Card,
993,CUST0144,2026/06/07,175.01,Online,South,Credit Card,
3122,CUST0418,22-11-2025,187.98,IN-STORE,South,Debit Card,
2881,CUST0387,2020-07-03,103.57,Online,South,Credit Card,
1566,CUST0209,2021-07-10,107.88, In-Store,East,Debit Card,
3142,CUST0421,23-06-2025,161.04,In-Store, East,Credit Card,
2699,CUST0366,23-12-2022,149.02,In-Store,West,Debit Card,
258,CUST0040,2025-03-16,52.48,In-Store,West,Credit Card,
393,CUST0063,10/07/2025,155.42,Online,south,PayPal,
1442,CUST0195,02/19/2025,185.2,Online,West,Cash,
1273,CUST0177,29-09-2025,148.15,Online,South,Credit Card,
3449,CUST0460,09/01/2025,138.88,Online,East,Debit Card,
1506,CUST0201,05-10-2025,143.14,In-Store,South,Credit Card,
475,CUST0076,2023/08/15,155.59,In-Store,South,Credit Card,
119,CUST0018,06/28/2026,72.03,In-Store,West,PayPal,
179,CUST0029,25 Apr 2021,118.75,Online,east,Cash,
687,CUST0105,2026/05/27,125.1,In-Store,East,Debit Card,
1634,CUST0219,19 Feb 2025,193.4,Instore,East,Debit Card,
2346,CUST0324,25 Apr 2025,187.33,Online,South,PayPal,
3281,CUST0440,07-07-2024,161.13,Online,North,PayPal,
1790,CUST0237,28-01-2026,149.29,Online,North,PayPal,
1699,CUST0226,2024/04/13,181.89,In-Store,North,Credit Card,
762,CUST0111,2024/07/06,144.82,Online,North,Debit Card,
1967,CUST0269,08-06-2026,134.06,Online,north,Debit Card,
3542,CUST0473,08-04-2026,81.62,In-Store,North,Credit Card,A
2158,CUST0296,2024-12-14,79.3,In-Store,West,Credit Card,
1438,CUST0194,2024/02/19,122.71,online,South,Debit Card,
1664,CUST0222,03-09-2024,124.44,Online,North,Credit Card,
3526,CUST0470,11/18/2025,108.56,Online,North,Debit Card,
2591,CUST0355,2025/12/08,92.27,In-Store,east,Credit Card,
936,CUST0134,2024/09/12,90.55,In-Store,East,PayPal,
650,CUST0099,2025-03-20,109.08,In-Store,North,Debit Card,
3072,CUST0412,2023/10/13,117.26,Online,North,Credit Card,
2761,CUST0373,11-05-2026,112.77,In-Store,North,Debit Card,
3579,CUST0478,11 Nov 2024,96.71,In-Store,East,Debit Card,
1385,CUST0186,2021/10/29,115.84,IN-STORE,North,Credit Card,
1243,CUST0174,2026/03/25,162.07,Online ,South,PayPal,B
1035,CUST0148,01/10/2026,200.6,In-Store,West,Credit Card,
733,CUST0110,2023-02-10,183.04,Online,North,PayPal,
2966,CUST0396,10/23/2025,180.19,Online,East,Credit Card,
685,CUST0104,2026-03-05,162.6, In-Store,South,Debit Card,B
140,CUST0021,2023/12/10,87.05,IN-STORE,North,Credit Card,
224,CUST0034,04 Jul 2025,139.22,Online,East,Debit Card,
2124,CUST0290,05/26/2024,150.77,online,East,Credit Card,
1882,CUST0252,13 Aug 2024,92.72,IN-STORE,West,Cash,
1485,CUST0199,13-02-2024,153.04,Online, East,Credit Card,
2931,CUST0392,03/04/2026,168.35,In-Store,South,Debit Card,B
1825,CUST0240,2024-01-01,-186.19,Online,North,Debit Card,
69,CUST0009,2022-12-05,166.83,Online,,Credit Card,
3114,CUST0417,2025/07/02,86.8,In-Store,East,Credit Card,
644,CUST0098,03/18/2023,81.38,In-Store,East,Debit Card,
589,CUST0094,10-06-2020,110.87,Online,North,Credit Card,
1551,CUST0208,2026/07/31,140.19,In-Store,North,Cash,
1856,CUST0246,23 Nov 2025,164.98,Online,NORTH,Credit Card,
1598,CUST0215,26 Nov 2024,172.84,Online,South,Debit Card,
518,CUST0083,2025-02-01,117.63,In-Store,North,Debit Card,
2757,CUST0371,2024/08/25,142.11,Online,South,Credit Card,
2672,CUST0364,10/25/2024,85.94,In-Store,SOUTH,Credit Card,
2772, CUST0374,12-03-2025,183.99, Online,North,Credit Card,
3417,CUST0456,2026-05-25,141.27, Online,West,Debit Card,
3167,CUST0424,06/14/2025,86.31,ONLINE,WEST ,PayPal,
2976,CUST0398,N/A,127.69,in-store,East,Debit Card,
3206,CUST0429,2020-05-17,66.74,In-Store,South,Debit Card,
2444,CUST0336,2024/06/17,100.07,Instore,North,Debit Card,
840,CUST0123,05/19/2026,118.82,Online,West,Debit Card,
1614,CUST0217 ,19 Nov 2024,21.81,Instore,West,Cash,
1209,cust0171,2023/02/02,48.67,Online,North,,
3438,CUST0459,29 Sep 2021,114.35,Online,West,Credit Card,
1315,CUST0181,2022/04/17,118.16,online,West,PayPal,
2527,CUST0347,05/08/2021,80.56,Online, East,Credit Card,
11,CUST0002,17 Jan 2025,116.72,ONLINE,South,Debit Card,
166,CUST0027,17-02-2026,136.46,Online,East,Credit Card,B
1973,CUST0270,2025/12/04,162.29,Online,west,Cash,
556,CUST0088,07/07/2022,94.16,In-Store,West,Credit Card,
3556,CUST0475,07/06/2026,$183.05,in-store,East,PayPal,
116,CUST0018,2026-02-12,172.64,In-Store,west,Cash,
683,CUST0104,2023/08/01,116.9,In-Store,South,Debit Card,
311,CUST0049,19 Dec 2025,176.94, In-Store,West,Cash,
3557,CUST0475,10 Jul 2025,96.18,In-Store,East,Credit Card,
476, CUST0076,09-02-2023,113.69,Online,SOUTH,Credit Card,
2469,CUST0339,2023/06/20,153.6,In-Store,South,Credit Card,
1223,CUST0171,01/06/2025,113.56,,North,Credit Card,
2603,CUST0356,2022/12/15,83.6,Online,East,Credit Card,
880,CUST0129,06 Jul 2026,90.01,in-store,West,Debit Card,
219,CUST0034,2022-05-11,99.03,In-Store,East,Debit Card,
212,CUST0033,2025-02-14,151.95,In-Store,West,Credit Card,
2683,CUST0365,2022/01/19,100.57,In-Store,South,Debit Card,
1667,CUST0222,28-09-2021,98.26,online,North,Cash,
2103, CUST0288,29 Aug 2023,151.29,Online,North,Debit Card,
1556,CUST0209,06/02/2021,74.17,Online,East,PayPal,
3590,CUST0479,2025-09-05,154.26,Online,east,Credit Card,
649,CUST0099,2022/12/26,120.07,Online,North,Credit Card,
1553,CUST0208,22-06-2025,96.91,In-Store,North,Credit Card,
2020,CUST0276,07/21/2020,54.53,Online ,West,Credit Card,
1595,CUST0214,04 Aug 2025,75.98,Online,North,Credit Card,
1013,CUST0146,2025-11-10,148.0,In-Store,South,PayPal,
1354,CUST0184,2023-06-30,156.16,In-Store,South,Credit Card,
1916,CUST0259,03-11-2020,82.09,in-store,South,Debit Card,
1517,CUST0204,03-01-2026,129.1,IN-STORE,SOUTH,Credit Card,
2767,CUST0374 ,25-01-2025,104.05,In-Store,North,Credit Card,
1934,CUST0265,2024-10-26,111.44,Online,South,Debit Card,
3231,CUST0432,2025-12-21,69.99,In-Store,West,Debit Card,
2196,CUST0302,23-10-2025,160.54,In-Store,North,PayPal,
3002,CUST0404,30-08-2022,39.5,In-Store,NORTH,Debit Card,
2303,CUST0318,04/15/2023,$123.07,Online,East,Debit Card,
1890,CUST0253,01/30/2022,101.73,In-Store,South,Credit Card,
2155,CUST0295,2026-04-02,74.85,In-Store,NORTH,Cash,
566,CUST0089,2025-06-30,132.89,Online,North,Credit Card,
2441,CUST0336,18-02-2024,93.08,In-Store,North,PayPal,
3236,CUST0433,2026/01/10,55.26,In-Store,WEST ,Debit Card,
1778,CUST0236,12-08-2024,62.74,IN-STORE,North,PayPal,
231,CUST0035,2022/04/02,214.05,Online,East,Credit Card,
2195,CUST0302,2026-06-01,170.31,In-Store,North,Debit Card,
49,CUST0007,04/03/2020,73.33,Online,North,Credit Card,
1020,CUST0147,2023-11-01,175.74,Online,East,Credit Card,
2216,CUST0305,2023-11-30,155.74,Online ,West,Credit Card,
3467,CUST0461 ,22 Sep 2021,165.42,Online,South,PayPal,
957,CUST0136,15-02-2025,119.53,Online,North,Credit Card,
53,CUST0007,01 May 2023,$185.56,Online,North,,
599,CUST0094,2023-11-10,95.43,ONLINE,North,Cash,
1756,CUST0232,2026/02/16,84.77, In-Store,WEST ,PayPal,A
809,CUST0117,25 Jan 2024,159.55,In-Store,south,Credit Card,
2096,CUST0288,28 Aug 2024,75.13,IN-STORE,NORTH,Debit Card,
400,CUST0065,2022-09-20,16.62,In-Store,east,Cash,
2673,CUST0364,07/18/2026,130.64,Online,South,Credit Card,
652,CUST0099,2021-09-26,153.91,In-Store,NORTH,Debit Card,
2907,CUST0389,2026/07/27,242.56,Online,West,Credit Card,
469,CUST0075,07-07-2023,$121.10,In-Store,North,Debit Card,
1731,CUST0228,2021-07-16,136.71,Instore,West,Debit Card,
1014,CUST0146,12/04/2021,131.74,In-Store,south,Credit Card,
3434,CUST0459,30-10-2022,73.97,Online,West,Credit Card,
348,CUST0055,28 Sep 2023,89.17,In-Store,South,PayPal,
1596,CUST0214,20 Nov 2022,139.31,Online , North,Debit Card,
2329,CUST0322,18 May 2023,86.56,IN-STORE,West,Credit Card,
991,CUST0144,2024-12-06,153.85,online,south,Debit Card,
3291,CUST0440,02/05/2024,147.38,online,North,Credit Card,
1484,CUST0199,2026-07-24,98.81,Online,East,Debit Card,
716,CUST0108,11/05/2025,$184.53,Online,West,Credit Card,
10,CUST0002,23 Aug 2024,$151.91,Online,South,Debit Card,
2789,CUST0377,15-08-2023,106.05,Online,East,PayPal,
1669,CUST0223,08/06/2022,103.69,Online,east,Debit Card,
1799,CUST0237,14 Aug 2023,123.78,In-Store,NORTH,Debit Card,
2319,CUST0320,2025/11/26,162.75,Online,south,PayPal,
3364,CUST0446,04-01-2025,154.25,Instore,East,Debit Card,
286,CUST0045,2022/12/11,86.51,Online,west,PayPal,
2590,CUST0355,08/29/2025,126.34,Online,East,,
1653,CUST0221,28 Apr 2021,146.58,In-Store,East,Debit Card,
2790,CUST0377,2023/07/05,110.83,In-Store, East,Cash,
445,CUST0072,2024/09/08,120.18,Online,East,Credit Card,
2392,CUST0331,2026/05/08,187.23,In-Store,West,Debit Card,
1876,CUST0252,10 Aug 2024,90.79, Online,West,Credit Card,
831,CUST0121,07/11/2025,181.85,Online, North,Credit Card,
2152,CUST0294,02-08-2026,178.43,in-store,east,Credit Card,
2432, CUST0334,05/04/2026,59.6,In-Store,SOUTH,PayPal,
100,CUST0015,2022/09/18,111.34,In-Store,north,Credit Card,
782,CUST0114,2023-03-25,90.22, In-Store,East,Debit Card,
804,CUST0117,09/19/2023,163.98,In-Store,south,PayPal,
2904,CUST0388,08/19/2025,108.97,In-Store,South,PayPal,
3250,CUST0437,2026-07-25,141.01,Instore,North,Credit Card,
496,CUST0079,2021-09-22,1488.81,In-Store,north,Credit Card,
2481,CUST0340,06/22/2026,187.54,Online,East,Credit Card,
2191,CUST0301,2024/05/02,109.14,In-Store,South,Debit Card,
828,CUST0120,05/31/2026,203.51,In-Store,east,Debit Card,
2215,CUST0305,30 Jun 2024,133.39,In-Store,West,Cash,
2210,CUST0305,03 Nov 2023,178.61,In-Store,West,Debit Card,
1696,CUST0226,10/10/2023,111.26,In-Store,North,Cash,
1953,CUST0267,08/11/2024,93.85,in-store,East,PayPal,
3089,CUST0414,2026-01-01,36.5,In-Store, East,Debit Card,
1138,CUST0160,13-05-2026,95.32,In-Store,north,PayPal,
8,CUST0002,05/25/2025,181.46,Online ,South,Debit Card,
1220,CUST0171,19-06-2025,135.76,Online,North,Credit Card,
2222,CUST0306,2024/01/27,151.98,Online,West,Credit Card,
2495,CUST0342,11-12-2025,189.91,IN-STORE,North,Debit Card,
3537,CUST0472,2026/03/29,185.13,in-store,East,Credit Card,A
3455,CUST0461,03/01/2024,121.03,in-store,South,Debit Card,
2915,CUST0390,21-05-2026,80.82,Online,North,PayPal,
2628,CUST0359,09 Dec 2025,196.94,Online,west,Credit Card,
869,CUST0129,2023/08/16,96.45,Online,West,Debit Card,
2253,CUST0311,22 Nov 2023,48.81,In-Store,West,Credit Card,
903,CUST0131,2024-05-16,143.99,Online,East,Debit Card,
581,CUST0093,2023/05/25,134.18,In-Store,East,Credit Card,
3514,CUST0468,02 Oct 2023,108.63,In-Store,West,Credit Card,
3428,CUST0458,14-12-2025,138.48,In-Store,east,Credit Card,
486,CUST0078,2025/05/15,155.27,Online,East,Debit Card,
3049,CUST0408,2023-10-13,115.02,Online,South,Credit Card,
645,CUST0098,04/20/2023,141.1,online,East,PayPal,
3575,CUST0477,2026-07-15,125.17,Online,West,Debit Card,
946,CUST0135,01/29/2026,167.78,online,North,Credit Card,
2011,CUST0276,21-02-2026,173.55,In-Store,West,Credit Card,A
2908,CUST0389,04 Dec 2025,182.2,Online,West,Debit Card,
3272,CUST0439,08-09-2025,150.72,In-Store,north,PayPal,
1487,CUST0200,14 Apr 2026,137.77,Online,East,Cash,
4,CUST0001 ,03 Feb 2023,99.65,In-Store,North,Debit Card,
1038,CUST0148,2025-05-25,98.03,In-Store,West,Credit Card,
2407,CUST0332,2023-05-23,213.18,In-Store,North,Debit Card,
2477,CUST0340,28 Nov 2024,181.95,Online,East,Debit Card,
2325,CUST0322,01-04-2024,74.22,Online,West,Credit Card,
267,CUST0041,2025-10-09,115.08,Online,West,PayPal,
1491,CUST0200,14 May 2023,126.05,Online,East,PayPal,
750,CUST0110,09/19/2024,160.29,Online, North,PayPal,
492,CUST0079,2022/10/02,113.34,In-Store, North,Credit Card,
1894,CUST0253,02/07/2021,114.7,In-Store,South,Debit Card,
1743,CUST0229,07/21/2025,122.46,In-Store,South,Debit Card,
2079,CUST0286,05 Jun 2025,121.08,Online,South,Credit Card,
446,CUST0072,13 Dec 2024,87.63,In-Store,east,Debit Card,
2809,CUST0380,2024/11/27,163.31,Instore,South,Cash,
2422,CUST0333,21-11-2022,102.79,Online,East,PayPal,
3362,CUST0446,24-03-2024,$167.97,In-Store,East,Credit Card,
3252,CUST0438,2024/05/17,134.82,Online,SOUTH,Debit Card,
1247,CUST0174,17-07-2023,171.0,Online ,South,Credit Card,
1483,CUST0199,15-03-2024,150.69,Online,East,Debit Card,
618,CUST0096,01/28/2022,70.41,In-Store,West,Credit Card,
1691,CUST0226 ,11/11/2023,55.89,in-store,North,Debit Card,
1225,CUST0172,20 Jan 2026,123.83,In-Store,SOUTH,Debit Card,
3559,CUST0475,03/22/2026,171.02,In-Store,East,PayPal,A
3536,CUST0472,01 Nov 2022,128.19, In-Store,East,Credit Card,
2391,CUST0330,unknown,157.26,online,NORTH,Credit Card,
2560,CUST0352,12/16/2024,158.03,Online,east,Credit Card,
1656,CUST0221,2025/02/19,134.15,Online,east,Debit Card,
1030,CUST0147,05 May 2025,55.14,Online,East,Cash,
3441,CUST0460,2024-03-22,126.88,In-Store,East,Credit Card,
945,CUST0135,09 Dec 2024,176.06,In-Store,North,Debit Card,
940,CUST0134,09/20/2022,102.33,In-Store,East,PayPal,
2440,CUST0335,09/21/2025,133.75,Online,East,Credit Card,
2277,CUST0313,2023-04-01,161.29,In-Store,North,PayPal,
2932, CUST0392,01-12-2025,85.2,Online,South,Credit Card,
518,CUST0083,2025/02/01,117.63,In-Store,North,Debit Card,
480,CUST0076,2021/10/31,68.63,In-Store,South,Debit Card,
800,CUST0116,02 Aug 2026,126.02,IN-STORE,South,Cash,
2083,CUST0287,2022/12/05,148.96,Online,West,,
1269,CUST0176 ,2025/07/05,106.51,Online ,East,Credit Card,
9,CUST0002,2024-07-15,80.98,ONLINE,South,Credit Card,
232,CUST0035,27 Apr 2023,41.39,In-Store,East,Debit Card,
441,CUST0071,2022/08/24,$114.61,In-Store,North,Credit Card,
526,CUST0084,2023/08/13,41.6,Online,East,Debit Card,
625,CUST0097,2023/11/05,119.83,Online,North,Debit Card,
1635,CUST0219,04/10/2024,115.54,In-Store,East,Credit Card,
3576,CUST0477,09 Sep 2020,135.25,Online,West,PayPal,
1373,CUST0185,2023/05/19,106.69,Instore,West,Credit Card,
1723,CUST0228,2022-08-19,158.72,In-Store,West,PayPal,
95,CUST0013,17-11-2021,78.12,In-Store,West,Credit Card,
2592,CUST0355,2025-03-31,150.39, In-Store,East,Debit Card,
3325,CUST0443,22 Apr 2026,154.86,In-Store,East,PayPal,B
3019,CUST0406,24-08-2024,124.76,In-Store,NORTH,Credit Card,
416,CUST0066,26-02-2025,127.35,IN-STORE,South,Credit Card,
210,CUST0033,09 Aug 2025,169.72,Online,West,Debit Card,
1200,CUST0168,25-04-2026,163.44,In-Store,North,PayPal,B
1505,CUST0201,07 May 2025,162.49,IN-STORE,South,Credit Card,
282,CUST0045,2025/01/13,79.92,In-Store,West,Credit Card,
1943,CUST0266,25 Jun 2025,141.42,Online ,East,Credit Card,
1131,CUST0159,29-06-2023,71.79,Instore,North,Credit Card,
2438,CUST0335,24 Nov 2025,157.17,Online,East,PayPal,
2997,CUST0404,14 Feb 2024,146.26,In-Store, North,Credit Card,
2300,CUST0317,05 Aug 2025,135.79,IN-STORE,South,PayPal,
2938,CUST0392,2025-07-17,115.66,Online,South,PayPal,
1158,CUST0162,31 Dec 2025,164.56,Online,East,PayPal,
2939,CUST0392,06 Jul 2026,171.87,In-Store,South,Cash,
3450,CUST0460,04/21/2023,,In-Store,east,Credit Card,
521,CUST0083,19 Jun 2026,-135.82,Instore,NORTH,Credit Card,
1352,CUST0184,27 Jan 2024,59.98,In-Store,South,Credit Card,
3351,CUST0445,02-02-2025,157.49,In-Store,West,PayPal,
1037,CUST0148,2025-03-04,196.03,In-Store,West,Credit Card,
3403,CUST0454,04/06/2026,91.11,Online , North,Debit Card,A
669,CUST0102,12/25/2022,142.6,Instore,West,Cash,
18,CUST0003,2025/11/05,151.57,In-Store,west,Debit Card,
2925,CUST0391,07-06-2023,122.31,In-Store,West,Cash,
2287,CUST0315,08/23/2024,126.68,In-Store,North,PayPal,
3443,CUST0460,2023/03/22,127.48,In-Store,east,Credit Card,
3062,CUST0411,04/05/2023,126.45,In-Store,North,Debit Card,
2770,CUST0374 ,2025-03-10,114.17,In-Store,NORTH,Cash,
754,CUST0111,2024/01/15,177.08,Online,North,Credit Card,
1263,CUST0175,2024-09-22,95.63,In-Store,North,Credit Card,
2262,CUST0312,2025/06/03,151.5,Online,WEST ,Credit Card,
958,CUST0136,31 Aug 2022,106.56,,north,Credit Card,
3131,CUST0420,15-08-2024,$86.28,in-store,South,Credit Card,
1638,CUST0219,05-06-2026,154.57,in-store, East,Credit Card,
2616,CUST0358,10/29/2024,118.13, Online,North,Credit Card,
1446,CUST0195,2025/05/20,$116.57,Online,West,Debit Card,
2117,CUST0290,03/15/2022,126.42,Online,East,Credit Card,
2134,CUST0292,08/23/2024,107.81,Online,North,PayPal,
913,CUST0131,2023/09/09,66.54,In-Store,East,Credit Card,
2515,CUST0346,2026-04-13,126.02,In-Store, North,Credit Card,B
2928,CUST0391,13 May 2025,162.59,online,West,Credit Card,
1964,CUST0268,25 Feb 2026,,In-Store,East,Debit Card,B
2478,CUST0340,2025/09/12,212.16,Online,East,PayPal,
418,CUST0066,17-09-2023,120.94,Online,South,Debit Card,
413,CUST0066,10/18/2023,152.12,In-Store,South,Credit Card,
197,CUST0030,10 Oct 2025,130.99,Online,South,Credit Card,
3508,CUST0466,15-05-2025,97.58, In-Store,North,PayPal,
1753,CUST0232,11 May 2024,116.18,In-Store,West,Cash,
285,CUST0045,2025/01/03,175.04,Online,West,PayPal,
1136,CUST0160,18 Oct 2022,79.87,Online,North,Credit Card,
1569,CUST0209,21 Jun 2025,126.68,in-store,East,PayPal,
1170,CUST0164,2024/05/12,35.03,In-Store,North,Debit Card,
2715,CUST0367,29-10-2025,-111.58,,East,Credit Card,
2733,CUST0368,09-03-2023,135.03,online,East,Credit Card,
2429,CUST0334,00/00/0000,90.95,Online ,South,Credit Card,
3061,CUST0410,2024/04/14,136.52, Online,East,Debit Card,
2897,CUST0388,19-01-2025,92.87,In-Store,South,Debit Card,
1804,CUST0238,31-05-2024,83.51,in-store,North,Debit Card,
2339,CUST0323,2020/07/30,142.89,Online,North,Credit Card,
360,CUST0056,2021-12-06,$187.90,IN-STORE,South,Credit Card,
2413,CUST0333,28-12-2024,226.86,Online, East,Cash,
2573,CUST0353,19 Aug 2023,148.19,In-Store,West,Credit Card,
575,CUST0092,2025-05-02,$168.20,Online,West,Debit Card,
2032,CUST0277,2024/07/27,128.27,Instore,South,Credit Card,
694,CUST0106,2023-11-17,148.78,ONLINE,South,Cash,
2753,CUST0371,13-06-2024,95.73,In-Store,SOUTH,Cash,
113,CUST0017,2023-02-23,108.5,Online,South,Credit Card,
3175,CUST0425,2021-09-13,78.98,IN-STORE,South,PayPal,
415,CUST0066,2026-03-11,207.3,Online,South,Credit Card,B
2638,CUST0361,03/08/2023,134.57,Online,West,Credit Card,
1215,CUST0171,09/27/2024,116.28,In-Store,NORTH,Credit Card,
339,CUST0055,08-01-2023,191.13,,south,PayPal,
2535,CUST0349,2021/12/13,144.56,In-Store,SOUTH,Cash,
1077,CUST0151,2025/01/04,94.59,Online ,East,PayPal,
3101,CUST0416,06-04-2024,183.22, Online,North,Debit Card,
1090,CUST0154,27 May 2026,184.46,Online,South,Credit Card,
2923,CUST0391,2025/09/23,161.22,In-Store,west,Credit Card,
2862,CUST0385,21 Sep 2025,132.04, Online,West,PayPal,
1827,CUST0240,2021-02-27,85.36,In-Store,North,Cash,
2892,CUST0387,2025/04/03,66.75,In-Store,South,Cash,
3015,CUST0405,05/29/2023,88.57,In-Store,South,Credit Card,
2643,CUST0361,2024-09-06,94.63,Online,West,Cash,
928,CUST0133,25-11-2022,102.63,Online,North,Credit Card,
2357,CUST0324,15 Jul 2021,183.22,In-Store,South,Cash,
1927,CUST0263,06/05/2026,171.94,Online,North,Debit Card,
1896,CUST0254,2023/11/04,146.38,Online,North,Credit Card,
1379,CUST0186,11/26/2023,161.19,Online,NORTH,Credit Card,
2107,CUST0289,06/13/2026,174.01, Online,West,PayPal,
160,CUST0025,12/20/2025,142.74,Online,SOUTH,Cash,
3510,CUST0468,03/09/2022,90.82,In-Store,West,Credit Card,
2235,CUST0308,2023/07/12,60.9,Online,East,Credit Card,
245,CUST0037,2021/10/06,149.67,in-store,East,PayPal,
1100,CUST0156,07/28/2025,128.28,Online,WEST ,Credit Card,
2206,CUST0303,04-11-2023,144.18,In-Store,South,Cash,
2175,CUST0297,01 Dec 2023,84.45, In-Store,North,Debit Card,
1769,CUST0234,05-10-2024,104.38,Online,North,Credit Card,
2371,cust0326,03/22/2023,-,In-Store,west,Debit Card,
1084,CUST0152,2025/04/30,143.8,Online,South,PayPal,
2853,CUST0384,2026-02-27,157.27,In-Store,West,Credit Card,B
3285,CUST0440,24-06-2024,118.07,In-Store,North,Credit Card,
2826,CUST0382,2023/12/01,145.65,Online,South,Credit Card,
3176,CUST0425,08 Mar 2026,$167.41,Online,South,Credit Card,A
3540,CUST0473,12-09-2023,3013.64,In-Store,North,Credit Card,
2231,CUST0308,15-11-2025,189.6,Online,east,Credit Card,
2902,CUST0388,06-06-2023,103.78,Online,South,PayPal,
846,CUST0124,10/22/2022,92.97,In-Store,East,PayPal,
445,CUST0072,2024/09/08,120.18, Online,East,Credit Card,
1545,CUST0207,03-07-2023,79.67,In-Store,SOUTH,Credit Card,
1795,CUST0237,04 Sep 2023,145.55,In-Store,North,Credit Card,
1253,CUST0174,09/05/2024,78.94, Online,SOUTH,Cash,
1774,CUST0235,2024/10/11,88.73,in-store,North,Debit Card,
274,CUST0044,07/06/2026,182.22,Online,east,Cash,
2924,CUST0391,31 Mar 2024,94.22,Online,West,Debit Card,
183,CUST0029,2021/04/30,39.39,Online,East,PayPal,
3356,CUST0445,07/13/2024,87.94,In-Store,west,Credit Card,
1076,CUST0151,03/21/2026,unknown,Online,East,Credit Card,A
3270,CUST0439,2024-05-16,135.76, Online,North,Credit Card,
1818,CUST0239,14-07-2025,141.2,Online,West,Debit Card,
463,CUST0075,2025/12/25,170.05,In-Store,North,Debit Card,
2138,CUST0293,11/19/2024,180.1,Online,north,PayPal,
3297,CUST0441,08-01-2024,119.49,ONLINE, East,PayPal,
3502,CUST0466,2024-09-04,122.01,Online,North,PayPal,
51,CUST0007,01/26/2026,206.21,Online, North,Credit Card,
854,CUST0126,28-03-2023,109.04,Online,east,Credit Card,
2464,CUST0338,00/00/0000,100.56,In-Store, North,PayPal,
2725,CUST0368,03 Feb 2024,64.57,Online,East,Credit Card,
535,CUST0085,2023-01-13,36.57,Online,West,Credit Card,
1855,CUST0246,2026/01/04,166.22,IN-STORE,North,Credit Card,
235,CUST0036,20 Jul 2026,33.85,In-Store,North,Cash,
1514,CUST0204,2025/11/04,110.96,In-Store,South,Debit Card,
681,CUST0104,13 Jun 2023,169.03,Online,South,Credit Card,
3385,CUST0453,06/20/2024,63.83,Instore,East,Credit Card,
582,CUST0093,26 Jun 2025,110.56,In-Store,East,Credit Card,
2450,CUST0337,30 Mar 2024,,In-Store,South,Debit Card,
699,CUST0106,14 Sep 2022,110.63,Online,South,Credit Card,
1762,CUST0234,2024/10/28,189.45,Online,NORTH,Credit Card,
439,CUST0070,2026/02/13,133.4,Online,south,Credit Card,B
528,CUST0084,2026/04/18,143.86,Online,East,Credit Card,B
629,CUST0097,2022/09/30,19.29,In-Store,North,Debit Card,
1901,CUST0254,2026/05/25,115.44,Online,,Debit Card,
718,CUST0108,2023/05/03,67.58,In-Store,West,Credit Card,
1888,CUST0253,09-03-2025,165.61,In-Store,South,Cash,
3224, CUST0431,05/23/2025,169.2, In-Store,North,Credit Card,
1464,CUST0196,01 Feb 2024,147.62,Online,south,Credit Card,
2181,CUST0298,14 Dec 2022,154.97,Online,East,Credit Card,
739,CUST0110,02 Aug 2023,,In-Store,North,PayPal,
2078,CUST0286,2025-10-26,159.43,Online,South,Credit Card,
2688,CUST0365,04/18/2022,43.04,In-Store,South,Cash,
1965,CUST0268,29-12-2024,115.98,IN-STORE,East,PayPal,
239,CUST0037,2026/03/21,104.22,In-Store,east,PayPal,A
639,CUST0097 ,15-08-2024,164.87,Online,,Credit Card,
1360,CUST0185,2024/05/04,202.21,Online,West,PayPal,
1691,CUST0226,11/11/2023,55.89,in-store,North,Debit Card,
2372,CUST0326,2024-02-04,120.06,In-Store,West,Credit Card,
2677,CUST0365,23-10-2023,135.12,In-Store,South,PayPal,
3040,CUST0407,02 Dec 2024,133.6,In-Store,North,Credit Card,
1879,CUST0252,30-06-2025,113.42,In-Store,West,Credit Card,
770, CUST0113,31-08-2024,145.22,In-Store,South,Credit Card,
3611,CUST0480,12/14/2025,188.79,Online,East,Debit Card,
3524,CUST0469,23 Jul 2026,155.06,Online,south,Debit Card,
1021,CUST0147,13 May 2025,115.92,Online,east,Credit Card,
380,CUST0061,26 Sep 2025,170.3,In-Store,North,Credit Card,
1583,CUST0213,09/16/2024,196.57,Online ,South,Credit Card,
1976,CUST0270,10/18/2022,43.2,Online,West,Credit Card,
748,CUST0110,2023-03-18,151.91,ONLINE,North,PayPal,
1772,CUST0234,01/17/2024,116.47,In-Store,North,Cash,
3103,CUST0416,07-07-2024,145.82,Online,NORTH,Credit Card,
1433,CUST0194,27 Dec 2025,,in-store,South,Cash,
2399,CUST0332,2026/02/21,241.12, In-Store,North,Credit Card,B
3321,CUST0442,2025/08/25,151.26,Online,South,Credit Card,
1816,CUST0238,06-01-2024,109.54,Online,North,Cash,
52,CUST0007,19-03-2020,131.08,Online,north,Debit Card,
508,CUST0082,2025-11-25,104.68,Online,East,Debit Card,
3109,CUST0416,2023-10-20,152.86,Online, North,Credit Card,
3151,CUST0422,2022-08-23,117.3, Online,West,Credit Card,
3086,CUST0413,07-04-2025,133.77,In-Store,South,Debit Card,
1700,CUST0226,2023/07/23,135.52,In-Store,North,Credit Card,
1083,CUST0152,2026/07/12,145.37,Online,SOUTH,Cash,
2624,CUST0359,13-01-2024,79.91,Online,West,Cash,
234,CUST0036,2025-09-18,141.77,In-Store,North,Cash,
1201,CUST0169,2026/04/25,136.98,In-Store,East,PayPal,A
1286,CUST0178,21 Dec 2024,$132.24,Online,north,Debit Card,
1437,CUST0194,18-01-2026,154.97,In-Store,South,Credit Card,
2792,CUST0377,20 Dec 2024,-,,East,PayPal,
479,CUST0076,2021/05/18,158.31,Online,South,Credit Card,
3048,CUST0408,02/10/2025,127.56,online,SOUTH,Credit Card,
1802,cust0237,2021/04/13,76.98,in-store,North,Debit Card,
2242,CUST0309,20-08-2025,80.3, Online,,Credit Card,
2453,CUST0337,2026-06-26,97.69,In-Store,south,Credit Card,
1615,CUST0217,28-09-2025,134.77,in-store,West,Debit Card,
3118,CUST0417,04/04/2023,108.22,IN-STORE,East,PayPal,
884,CUST0130,27 May 2021,84.8,In-Store,North,Credit Card,
2536,CUST0349,17 May 2023,84.15,In-Store,SOUTH,PayPal,
3097,CUST0415,24 Jun 2026,142.7,Online,East,Cash,
2520,CUST0347,13 Apr 2022,128.93,Online,,PayPal,
3422,CUST0457,13 Nov 2024,141.68,Online,North,Debit Card,
257,CUST0039,12-01-2024,133.87,in-store,West,Debit Card,
2943, CUST0393,08/02/2024,148.05,In-Store,North,Credit Card,
1585,CUST0213,2026-03-05,219.4,ONLINE,South,Debit Card,B
3495,CUST0465,12-09-2023,112.82,In-Store,North,PayPal,
139,CUST0021,27 Jan 2026,125.84,In-Store,north,Credit Card,
2540,CUST0349,04/03/2026,103.84,In-Store,South,Debit Card,B
1826,CUST0240,2020-11-12,110.81,Online,North,Credit Card,
1572,CUST0211,18 Sep 2025,133.85,Online,East,Debit Card,
3319,CUST0442,02/23/2023,125.01,Online,South,Credit Card,
3195,CUST0428,2026/05/26,224.36,Online,West,Cash,
1978,CUST0271,07/11/2026,24.01, In-Store,North,PayPal,
579,CUST0092,2024-01-20,123.69,in-store,WEST ,Cash,
2755,CUST0371,01/04/2026,129.24,In-Store,SOUTH,Credit Card,
207,CUST0032,20 Sep 2025,108.67,In-Store,South,Debit Card,
3249,CUST0437,2026-04-22,155.93,In-Store,North,Debit Card,A
849,CUST0124,2023/05/17,145.7,in-store,East,Credit Card,
3442,CUST0460,07-09-2024,83.9,In-Store,East,PayPal,
1288,CUST0179,16-03-2022,94.2,Online,WEST ,PayPal,
1,CUST0001,21-05-2025,109.23,In-Store,North,Cash,
2275,CUST0313,17-07-2023,134.79,In-Store,North,Credit Card,
3318,CUST0442,24 Apr 2023,102.15,Online ,South,Credit Card,
2010,CUST0276,26 Apr 2026,221.23,Online,West,Credit Card,B
1785,CUST0237,19-03-2025,130.36,In-Store,North,Debit Card,
2298, CUST0316,22-06-2025,78.72,In-Store,South,Debit Card,
890,CUST0130,2023-06-05,111.51,In-Store,north,Credit Card,
3181,CUST0426,03/15/2025,201.04,Online,north,Debit Card,
2754,CUST0371,2024-03-27,111.65,,SOUTH,PayPal,
980,CUST0140,2025-11-06,110.55, In-Store, East,Credit Card,
3078,CUST0413,03/15/2022,84.65,In-Store,South,Credit Card,
3333,CUST0444,2026-02-15,193.74,In-Store,East,Credit Card,B
2332,CUST0323,2025/11/27,191.97,Online ,NORTH,Credit Card,
2362, CUST0326,21 Aug 2024,107.09,In-Store,West,Credit Card,
2645,CUST0361,21-02-2024,80.11,ONLINE,West,Credit Card,
1764,CUST0234,2026/07/22,119.12,Online, North,Cash,
60,CUST0008,18 Jul 2022,112.39,In-Store,East,Credit Card,
1370,CUST0185,2023-05-15,51.26,Online,West,PayPal,
48,cust0007,02/03/2022,135.41,Online ,North,Debit Card,
3550,CUST0474,22 Apr 2026,142.66,Online,East,Debit Card,A
3375,CUST0449,10-04-2026,123.81,In-Store,East,Credit Card,A
3604,CUST0480,2024-06-19,115.66, Online, East,Debit Card,
3035,CUST0407,05/02/2025,132.32,Instore,North,Debit Card,
3018,CUST0405,21 Sep 2024,73.25,In-Store,south,Credit Card,
1311,CUST0181,2023-01-18,77.3,In-Store,West,Debit Card,
2983,CUST0399,08 Aug 2025,165.95,In-Store,East,Debit Card,
3581,CUST0478,03-01-2025,164.46,Online, East,Credit Card,
759,CUST0111,01/16/2023,120.84,Online,North,Credit Card,
979,CUST0140,09/29/2024,168.98,Online,East,Debit Card,
253,CUST0039,2025-11-17,99.68,In-Store,West,Credit Card,
2361,CUST0326,2025-07-05,149.16,Instore,West,Debit Card,
92,CUST0013,03/22/2025,128.8,In-Store,West,Debit Card,
722,CUST0108,18-12-2025,102.08,IN-STORE,West,Credit Card,
1529,CUST0206,17 Sep 2022,189.7,Online, North,PayPal,
1266,CUST0175,25 Apr 2023,138.56,In-Store,North,Credit Card,
2783,CUST0375,11/22/2024,$135.28,In-Store,South,PayPal,
2860,CUST0384,2026-07-06,178.94,In-Store,West,Debit Card,
1750,CUST0230,2024-02-14,84.37,Online,North,,
460,CUST0075,2023/03/21,125.28,In-Store,North,PayPal,
3553,CUST0474,2021-09-05,154.78,Online,East,Debit Card,
850,CUST0124,08/05/2021,69.8,Online,East,Credit Card,
384,CUST0061,14-07-2026,143.64,In-Store, North,Credit Card,
2066,CUST0281 ,2025-08-01,98.47, In-Store,East,PayPal,
956,CUST0135,2025-11-25,87.04,IN-STORE,North,Credit Card,
1067,CUST0150,2024/11/12,119.28,In-Store,East,Debit Card,
3115,CUST0417,2022-12-27,105.5,In-Store,East,Debit Card,
1210, CUST0171,28 Aug 2023,106.91,Online,North,PayPal,
3036,CUST0407,16 Aug 2025,55.42,IN-STORE,North,Credit Card,
3063,CUST0411,10/03/2025,69.03,In-Store,North,Debit Card,
115,CUST0018,22-02-2024,,In-Store,West,PayPal,
3569,CUST0477 ,2023/12/23,123.57,Online,West,Credit Card,
2174,CUST0297,15-07-2025,180.1,In-Store,North,Credit Card,
512,CUST0082,18 May 2026,80.55,In-Store,East,Debit Card,
2125,CUST0290,2025-12-13,117.45,In-Store,East,PayPal,
2979,CUST0398,2024-10-26,85.87,IN-STORE,East,Credit Card,
2190,CUST0301,2025-11-02,211.19,Online,South,Credit Card,
2982,CUST0398,2023/08/17,182.54,In-Store,East,Debit Card,
586,CUST0093,17-05-2023,101.96,In-Store, East,Cash,
819,CUST0117,25-06-2022,105.27,In-Store,south,Debit Card,
3607, CUST0480,15-06-2025,97.89, Online,East,PayPal,
788,CUST0115,2024/12/15,146.48,in-store,West,Credit Card,
2604,CUST0356,06/18/2024,94.66, Online,East,Cash,
3225,CUST0431,2025-11-24,130.42,ONLINE,North,Debit Card,
1057,CUST0150,2021-05-02,79.62,In-Store,east,Credit Card,
16,CUST0003,2025/10/30,142.47, Online,WEST ,PayPal,
436,CUST0069,2025/10/16,114.82,Online,East,Debit Card,
2547,CUST0350,15-06-2025,103.36,In-Store,East,Debit Card,
1887,CUST0253,18-06-2026,112.11,In-Store,South,Debit Card,
2668,CUST0364,2020-12-19,34.96,Instore,South,Credit Card,
1428,CUST0191,21 Jul 2025,128.23,In-Store,west,PayPal,
451,CUST0073,2025/05/20,155.26,ONLINE, East,Debit Card,
2815,CUST0381,2024/06/13,177.2,Online,East,Credit Card,
2084,CUST0287,05/17/2021,,in-store,West,Credit Card,
2996,CUST0404,27-03-2024,$121.65,IN-STORE,North,Credit Card,
1250,CUST0174,10/03/2024,154.37,Online,South,Credit Card,
1197,CUST0168,20-07-2024,124.53,In-Store,North,Credit Card,
3030,CUST0406,18 Mar 2021,158.46,Online,North,Cash,
242,CUST0037,06 Jun 2026,128.05,IN-STORE,east,Debit Card,
530,CUST0084,05/21/2026,126.75,In-Store,East,Debit Card,
344,CUST0055,2025-10-27,110.69,Online,south,Debit Card,
1181,CUST0166,2026-06-08,155.84, Online,West,PayPal,
1443,CUST0195,04 Jan 2024,175.39,Online,West,Debit Card,
1773,CUST0234,10/06/2023,150.63,Online ,North,Cash,
3561,CUST0475,10/11/2025,126.18,Online,,PayPal,
2935,CUST0392,26-06-2026,164.4,In-Store,South,Credit Card,
507,CUST0082,2022/06/26,117.81, In-Store,East,PayPal,
1925,CUST0262,05/27/2026,199.7,Online,West,Debit Card,
1903,CUST0254,2026/02/20,101.43,In-Store,North,Credit Card,A
1580,CUST0212,10 Jan 2023,113.12,Online,South,Debit Card,
2264,CUST0312,15 Oct 2025,114.46,In-Store,WEST ,Cash,
2257,CUST0311,2026/04/27,121.79,Instore,West,Debit Card,A
2994,CUST0403,04/02/2026,90.92,In-Store,East,Debit Card,B
65,CUST0008,08 Sep 2021,77.38,IN-STORE,East,Cash,
2059,CUST0280,30 Apr 2024,132.57,Online,west,Debit Card,
1752,CUST0232,06-04-2026,89.76,In-Store,West,Credit Card,A
3554,CUST0474,23-01-2025,131.39,In-Store,East,Debit Card,
1648,CUST0220,2022-12-24,$83.12,Online,South,Credit Card,
3251,CUST0437,07/13/2025,140.75,In-Store,North,Cash,
2301,CUST0317,2025-11-27,60.56,In-Store,South,Credit Card,
1630,CUST0219,07/20/2022,69.93,In-Store,East,Debit Card,
604,CUST0095,2024-10-01,163.86,Online,South,Credit Card,
806,CUST0117,11/30/2020,45.53,In-Store,South,Credit Card,
3334,CUST0444,2026-04-11,139.46,Online,East,Debit Card,A
1125,CUST0159,24 Nov 2020,60.59,Online ,North,Debit Card,
1192,CUST0167,30 Jul 2026,176.9,In-Store,North,Debit Card,
315,CUST0049,06-03-2026,88.0,In-Store,West,Cash,B
1778,CUST0236,2024/08/12,62.74,In-Store,North,PayPal,
2567,CUST0353,06-01-2022,126.17,In-Store,West,PayPal,
2514,CUST0346,13-06-2023,$104.94,Online,North,,
932,CUST0133,26-10-2023,84.59,Online,North,Debit Card,
964,CUST0136,2024-04-22,169.89,Online,North,PayPal,
1686,CUST0225,2026-02-02,155.25,Online,North,PayPal,A
1956,CUST0268,30-05-2025,92.35,Online,East,Debit Card,
2891,CUST0387,27 Sep 2024,116.76,In-Store,South,Debit Card,
3519,CUST0469,2025/02/12,28.03,Online,south,Debit Card,
3538,CUST0472,24-09-2025,80.55,In-Store,East,PayPal,
368,CUST0057,2023-10-13,38.66,In-Store,South,Credit Card,
2194,CUST0302,07/04/2026,141.66,In-Store,North,Credit Card,
363,CUST0057,09-04-2026,97.15, In-Store,South,PayPal,A
631,CUST0097,2022-05-21,50.73,Online,north,PayPal,
2006,CUST0276,2026-06-03,179.82,Online,West,Debit Card,
91,CUST0013,20 Sep 2021,88.67,In-Store,West,PayPal,
1789,CUST0237,2023-03-21,79.75,In-Store,North,Credit Card,
2370,CUST0326,06/10/2022,103.31,In-Store,west,Debit Card,
2234,CUST0308,24 Jul 2024,118.24,Online,East,PayPal,
1678,CUST0223,12/02/2022,159.86,In-Store,East,PayPal,
2973,CUST0397,27-03-2024,70.74,Online,North,PayPal,
3205,CUST0429,2020-09-24,64.03,In-Store,South,Credit Card,
2917,CUST0390,11/30/2023,100.87,Online,North,Debit Card,
1655,CUST0221 ,2023/03/25,118.92,Online,East,Credit Card,
2805,CUST0378,02-11-2025,N/A,In-Store,East,PayPal,
120,CUST0018,2024-02-28,163.98,in-store,West,PayPal,
1960,CUST0268,12-07-2023,118.01,In-Store,East,Credit Card,
1063,CUST0150,07-07-2024,77.1,ONLINE,East,PayPal,
841,CUST0124,02/02/2025,91.94,In-Store,east,Credit Card,
494,CUST0079,2024/02/11,157.54,Online,North,Credit Card,
444,CUST0072,2024-09-16,92.0, In-Store,East,Debit Card,
2387,CUST0330,23 Jan 2025,157.88,In-Store,North,Credit Card,
1843,CUST0243,10/17/2024,121.11,Online,North,Credit Card,
3157,CUST0423,2024-03-11,173.51,Online,north,Debit Card,
225,CUST0035,2024/11/26,73.64,In-Store,East,Credit Card,
20,CUST0004,09/10/2021,76.86,In-Store,NORTH,Debit Card,
3145,CUST0422,2026/05/15,137.49,Online,West,Credit Card,
419,CUST0066,19-11-2024,106.66,Online,south,PayPal,
3148,CUST0422,01/27/2026,100.77,Online,West,Credit Card,
3453,CUST0461,23 Mar 2025,132.97, In-Store,South,Credit Card,
992,CUST0144,2025/07/05,4673.84,Online,South,Debit Card,
386,CUST0061,2026/07/23,164.9,IN-STORE,north,Credit Card,
930,CUST0133,30-04-2024,119.96,In-Store,NORTH,Credit Card,
2501,CUST0343,N/A,94.07,Online,South,Debit Card,
265,CUST0041,2023/04/17,83.73,Online,West,Cash,
3113,CUST0417,05/11/2024,127.8,Online,East,Debit Card,
1453,CUST0195,29 Jun 2025,169.03,Online,West,PayPal,
161,CUST0025,2026/07/07,101.63,Online,South,PayPal,
2159,CUST0296,12-04-2023,120.0,Online ,West,Credit Card,
304,CUST0048,2025/03/18,151.86,IN-STORE,East,Debit Card,
3211,CUST0430,11/26/2024,128.17,In-Store,South,PayPal,
2097,CUST0288,2025/01/24,213.27,Online,NORTH,Credit Card,
510,CUST0082,12/24/2023,161.46,ONLINE,east,Credit Card,
2067,CUST0282,04/03/2026,126.01,in-store,South,Debit Card,A
1068,CUST0150,13-11-2025,106.88,In-Store,East,Credit Card,
1298,cust0179,2022-12-24,83.92,In-Store,West,Credit Card,
1468,CUST0197,28 Dec 2025,76.35,Online,East,Debit Card,
935,CUST0134,01/11/2026,102.14,In-Store,East,PayPal,
3163,CUST0424,18 Feb 2026,185.84,,WEST ,Credit Card,A
886,CUST0130,2026-05-02,162.16,Online ,NORTH,Credit Card,
849,CUST0124,17 May 2023,145.7,In-Store, East,Credit Card,
276,CUST0044,29 Aug 2024,150.85,Online, East,Debit Card,
1871,CUST0251,07/30/2026,123.45,,south,Credit Card,
1697,CUST0226,2021/05/23,133.5,Online,North,Debit Card,
2163,CUST0296,2023-08-31,52.03,In-Store,West,Cash,
3401,CUST0454,2026/07/02,164.73,Online,North,PayPal,
1490,CUST0200,2025-02-02,32.11,Online,East,Credit Card,
2776,CUST0375,2022/06/16,102.44,In-Store,South,Credit Card,
1156,CUST0162,00/00/0000,104.77, Online,East,Credit Card,
2050,CUST0279,21-01-2025,79.16,In-Store,North,Credit Card,
1724,CUST0228,11/06/2024,117.42,In-Store,West,Debit Card,
228,CUST0035,11 Jun 2026,113.14,In-Store, East,Credit Card,
1718,CUST0227,07/24/2024,112.67,Online,North,Debit Card,
134,CUST0020,12/23/2023,122.61,In-Store,south,Debit Card,
1760,CUST0233,2026/01/12,162.64,Online,South,Debit Card,
2297,CUST0316,17 Dec 2023,91.06,Online,South,Debit Card,
1308,CUST0180,06/20/2025,165.18,Online,West,Credit Card,
497,CUST0079,31 Aug 2021,135.15,In-Store, North,Credit Card,
961,CUST0136,2025/06/25,66.15,In-Store,North,Credit Card,
336,CUST0053,2025/01/26,178.36,ONLINE,North,Credit Card,
2488,CUST0341,2024/07/05,113.29,Online,North,Debit Card,
3336,CUST0444,2024-03-14,66.44,In-Store,East,Credit Card,
3215,CUST0430,03/18/2026,134.39,Online,South,Credit Card,A
1270,CUST0177,2025/10/23,87.77,In-Store,south,PayPal,
813,CUST0117,2021-12-14,116.17, In-Store,South,Credit Card,
1052,CUST0149,12/25/2023,114.17,In-Store,South,Debit Card,
442,CUST0071,2024/08/22,146.37, In-Store,North,Debit Card,
1163,CUST0163,2025-11-20,128.31,Online,North,PayPal,
1388,CUST0186,09/14/2022,127.61,Online,North,PayPal,
3162,CUST0424,13 Jul 2022,87.71,Instore,west,Cash,
2887,CUST0387,N/A,99.71,Online,South,Credit Card,
3096,CUST0415 ,10-12-2025,130.34,Online ,East,Cash,
3152,CUST0423,2025/02/16,176.71,Online ,North,Debit Card,
3198,CUST0429,24-08-2020,74.98,Online,South,Credit Card,
243,CUST0037,07 Dec 2024,144.2,In-Store,east,Credit Card,
1395,CUST0187,12/13/2023,86.69,Online,East,Credit Card,
684,CUST0104,2026/07/01,113.16,Online ,SOUTH,PayPal,
1351,CUST0184,15-04-2020,79.79,Online,South,Debit Card,
658,CUST0100,20 Jun 2023,202.78,In-Store,South,Credit Card,
2553,CUST0351,2024/06/02,108.59,Online,East,Debit Card,
409,CUST0065,05 Feb 2024,88.62,Instore, East,Credit Card,
1116,CUST0158 ,2026-02-18,170.53,In-Store,East,PayPal,B
3154,CUST0423,2026/07/27,53.09,Online ,North,PayPal,
3541, CUST0473,27 Jul 2023,146.88,In-Store,north,Credit Card,
1256,CUST0175,14-12-2023,136.0,In-Store,North,Debit Card,
1526,CUST0206,2025-05-02,149.42,In-Store,North,Debit Card,
3110,CUST0416,2023-09-03,197.67,Online,North,Cash,
1867,CUST0250,22 Jun 2024,114.6,In-Store,North,Credit Card,
141,CUST0021,2026/03/08,153.67, Online,North,Credit Card,
2595,CUST0355,2025/06/09,108.51,Instore,East,Debit Card,
901,CUST0131,10-02-2024,147.78,Online,East,Credit Card,
2686,CUST0365,13-02-2024,186.56,In-Store,South,Credit Card,
1261,CUST0175,21 Dec 2025,130.0,In-Store,North,Debit Card,
3489,CUST0465,2026-01-04,198.57,In-Store,North,PayPal,
689,CUST0106,2023-09-16,149.12,In-Store,South,Debit Card,
1629,CUST0219,23-01-2026,172.9,Online ,East,Debit Card,
2670,CUST0364,2021/03/21,85.44, In-Store,South,Debit Card,
851,CUST0125,2026/04/28,203.85,In-Store,North,Cash,B
584,CUST0093,19-08-2025,228.11,IN-STORE,East,Debit Card,
1698,CUST0226,22-05-2022,95.61,Online,North,Credit Card,
333,CUST0053,30 Oct 2024,112.12,online,North,Credit Card,
1294,CUST0179,2022-03-20,102.07,In-Store,West,Credit Card,
3410,CUST0454,2021-12-08,59.27,In-Store,North,Credit Card,
3164,CUST0424,2024-09-02,57.07,In-Store,West,Debit Card,
1105,CUST0157,2025-02-10,104.74,Online,South,Debit Card,
1946,CUST0266,02/06/2026,146.13,Online,East,Debit Card,A
